1 ,20180214144557,20180214144557.jpg,5,92499
2 ,20180214144559,20180214144559.jpg,5,97457
3 ,20180214144601,20180214144601.jpg,6,361071
4 ,20180214144603,20180214144603.jpg,4,5727
5 ,20180214144609,20180214144609.jpg,4,7988
6 ,20180214144612,20180214144612.jpg,6,357688
7 ,20180214144614,20180214144614.jpg,4,9980
8 ,20180214144619,20180214144619.jpg,4,0390
9 ,20180214144625,20180214144625.jpg,4,2595
10,20180214144628,20180214144628.jpg,4,5051
11,20180214144631,20180214144631.jpg,5,77950
12,20180214144634,20180214144634.jpg,6,247777
13,20180214144637,20180214144637.jpg,4,7449
14,20180214144640,20180214144640.jpg,6,487542
15,20180214144647,20180214144647.jpg,4,2028
16,20180214144651,20180214144651.jpg,6,592497
17,20180214144655,20180214144655.jpg,6,388951
18,20180214144659,20180214144659.jpg,5,08932
19,20180214144703,20180214144703.jpg,6,319367
20,20180214144707,20180214144707.jpg,6,172010
21,20180214144712,20180214144712.jpg,5,56188
22,20180214144716,20180214144716.jpg,6,275051
23,20180214144724,20180214144724.jpg,4,1408
24,20180214144734,20180214144734.jpg,4,3654
25,20180214144738,20180214144738.jpg,4,1926
26,20180214144743,20180214144743.jpg,5,54501
27,20180214144748,20180214144748.jpg,6,588703
28,20180214144753,20180214144753.jpg,6,119725
29,20180214144758,20180214144758.jpg,6,863009
30,20180214144809,20180214144809.jpg,6,622029
31,20180214144815,20180214144815.jpg,4,8844
1 ,20180214144902,20180214144902.jpg,5,11643
2 ,20180214144905,20180214144905.jpg,5,08134
3 ,20180214144907,20180214144907.jpg,6,872229
4 ,20180214144911,20180214144911.jpg,4,9686
5 ,20180214144917,20180214144917.jpg,5,25871
6 ,20180214144920,20180214144920.jpg,6,946258
7 ,20180214144923,20180214144923.jpg,5,38205
8 ,20180214144925,20180214144925.jpg,4,1513
9 ,20180214144928,20180214144928.jpg,6,514294
10,20180214144931,20180214144931.jpg,5,63480
11,20180214144934,20180214144934.jpg,5,48815
12,20180214144937,20180214144937.jpg,4,3148
13,20180214144943,20180214144943.jpg,4,5030
14,20180214144946,20180214144946.jpg,6,136746
15,20180214144950,20180214144950.jpg,4,3111
16,20180214144953,20180214144953.jpg,6,132932
17,20180214144957,20180214144957.jpg,4,6013
18,20180214145005,20180214145005.jpg,6,328197
19,20180214145009,20180214145009.jpg,6,715475
20,20180214145012,20180214145012.jpg,4,4654
21,20180214145016,20180214145016.jpg,5,36454
22,20180214145021,20180214145021.jpg,5,49213
23,20180214145025,20180214145025.jpg,5,85971
24,20180214145029,20180214145029.jpg,4,9780
25,20180214145035,20180214145035.jpg,5,46660
26,20180214145044,20180214145044.jpg,5,13084
27,20180214145049,20180214145049.jpg,4,8524
28,20180214145059,20180214145059.jpg,5,17059
29,20180214145104,20180214145104.jpg,4,3953
30,20180214145109,20180214145109.jpg,4,1035
31,20180214145120,20180214145120.jpg,5,92609
32,20180214145126,20180214145126.jpg,5,04155
33,20180214145132,20180214145132.jpg,6,405541
1 ,20180214145214,20180214145214.jpg,5,22440
2 ,20180214145216,20180214145216.jpg,5,24059
3 ,20180214145218,20180214145218.jpg,5,64247
4 ,20180214145220,20180214145220.jpg,6,273177
5 ,20180214145222,20180214145222.jpg,5,91962
6 ,20180214145224,20180214145224.jpg,5,21765
7 ,20180214145226,20180214145226.jpg,5,84354
8 ,20180214145228,20180214145228.jpg,4,7527
9 ,20180214145233,20180214145233.jpg,5,71164
10,20180214145236,20180214145236.jpg,5,97225
11,20180214145239,20180214145239.jpg,5,81250
12,20180214145251,20180214145251.jpg,4,5354
13,20180214145254,20180214145254.jpg,5,33955
14,20180214145257,20180214145257.jpg,6,915047
15,20180214145308,20180214145308.jpg,6,305702
16,20180214145312,20180214145312.jpg,5,94519
17,20180214145316,20180214145316.jpg,6,769551
18,20180214145320,20180214145320.jpg,6,432992
19,20180214145324,20180214145324.jpg,4,8387
20,20180214145328,20180214145328.jpg,6,894770
21,20180214145333,20180214145333.jpg,4,9429
22,20180214145341,20180214145341.jpg,4,9504
23,20180214145351,20180214145351.jpg,6,546226
24,20180214145400,20180214145400.jpg,5,39463
25,20180214145405,20180214145405.jpg,5,95937
26,20180214145410,20180214145410.jpg,5,87084
27,20180214145415,20180214145415.jpg,5,70152
28,20180214145431,20180214145431.jpg,6,114988
29,20180214145437,20180214145437.jpg,4,5137
30,20180214145443,20180214145443.jpg,5,54225
1 ,20180214145526,20180214145526.jpg,5,70798
2 ,20180214145528,20180214145528.jpg,5,44911
3 ,20180214145530,20180214145530.jpg,4,0561
4 ,20180214145532,20180214145532.jpg,6,416164
5 ,20180214145534,20180214145534.jpg,6,476548
6 ,20180214145538,20180214145538.jpg,6,562793
7 ,20180214145543,20180214145543.jpg,4,4367
8 ,20180214145546,20180214145546.jpg,5,17510
9 ,20180214145548,20180214145548.jpg,5,34107
10,20180214145554,20180214145554.jpg,5,62373
11,20180214145556,20180214145556.jpg,4,7261
12,20180214145600,20180214145600.jpg,5,66258
13,20180214145603,20180214145603.jpg,6,835018
14,20180214145606,20180214145606.jpg,4,8814
15,20180214145609,20180214145609.jpg,5,15038
16,20180214145613,20180214145613.jpg,5,61750
17,20180214145620,20180214145620.jpg,4,4595
18,20180214145624,20180214145624.jpg,6,765334
19,20180214145627,20180214145627.jpg,6,073024
20,20180214145635,20180214145635.jpg,5,77796
21,20180214145640,20180214145640.jpg,5,16269
22,20180214145644,20180214145644.jpg,6,363461
23,20180214145648,20180214145648.jpg,6,825527
24,20180214145653,20180214145653.jpg,4,2836
25,20180214145657,20180214145657.jpg,4,4205
26,20180214145702,20180214145702.jpg,4,1948
27,20180214145707,20180214145707.jpg,6,692589
28,20180214145711,20180214145711.jpg,5,16387
29,20180214145716,20180214145716.jpg,5,18051
30,20180214145722,20180214145722.jpg,6,250212
31,20180214145727,20180214145727.jpg,4,2768
32,20180214145733,20180214145733.jpg,4,0113
33,20180214145738,20180214145738.jpg,5,32966
34,20180214145749,20180214145749.jpg,5,34808
35,20180214145754,20180214145754.jpg,5,50087
1 ,20180214145840,20180214145840.jpg,4,1796
2 ,20180214145841,20180214145841.jpg,5,15802
3 ,20180214145843,20180214145843.jpg,4,3840
4 ,20180214145845,20180214145845.jpg,6,742610
5 ,20180214145847,20180214145847.jpg,4,8349
6 ,20180214145850,20180214145850.jpg,5,60184
7 ,20180214145852,20180214145852.jpg,5,51994
8 ,20180214145854,20180214145854.jpg,5,74977
9 ,20180214145857,20180214145857.jpg,6,209259
10,20180214145859,20180214145859.jpg,5,41644
11,20180214145902,20180214145902.jpg,4,2069
12,20180214145905,20180214145905.jpg,4,2011
13,20180214145911,20180214145911.jpg,6,096661
14,20180214145917,20180214145917.jpg,4,0326
15,20180214145920,20180214145920.jpg,6,820420
16,20180214145924,20180214145924.jpg,5,57250
17,20180214145927,20180214145927.jpg,4,3266
18,20180214145939,20180214145939.jpg,6,355705
19,20180214145943,20180214145943.jpg,5,83007
20,20180214145947,20180214145947.jpg,4,9705
21,20180214145951,20180214145951.jpg,6,565599
22,20180214145955,20180214145955.jpg,5,60105
23,20180214145959,20180214145959.jpg,6,120467
24,20180214150008,20180214150008.jpg,6,915866
25,20180214150013,20180214150013.jpg,4,9702
26,20180214150018,20180214150018.jpg,6,383923
27,20180214150028,20180214150028.jpg,6,937706
28,20180214150037,20180214150037.jpg,6,053373
29,20180214150047,20180214150047.jpg,5,14009
30,20180214150053,20180214150053.jpg,6,937413
31,20180214150059,20180214150059.jpg,6,874949
1 ,20180214150148,20180214150148.jpg,5,90077
2 ,20180214150150,20180214150150.jpg,4,5114
3 ,20180214150156,20180214150156.jpg,5,35574
4 ,20180214150158,20180214150158.jpg,5,67130
5 ,20180214150200,20180214150200.jpg,6,077577
6 ,20180214150203,20180214150203.jpg,4,4841
7 ,20180214150205,20180214150205.jpg,6,844284
8 ,20180214150208,20180214150208.jpg,4,0248
9 ,20180214150216,20180214150216.jpg,4,8192
10,20180214150222,20180214150222.jpg,5,00227
11,20180214150225,20180214150225.jpg,6,889038
12,20180214150232,20180214150232.jpg,4,0297
13,20180214150239,20180214150239.jpg,6,171868
14,20180214150246,20180214150246.jpg,4,1708
15,20180214150253,20180214150253.jpg,5,24554
16,20180214150257,20180214150257.jpg,5,32303
17,20180214150302,20180214150302.jpg,5,52934
18,20180214150306,20180214150306.jpg,4,3631
19,20180214150310,20180214150310.jpg,5,34507
20,20180214150314,20180214150314.jpg,5,88234
21,20180214150319,20180214150319.jpg,4,0535
22,20180214150324,20180214150324.jpg,5,32066
23,20180214150328,20180214150328.jpg,4,7285
24,20180214150333,20180214150333.jpg,5,26369
25,20180214150338,20180214150338.jpg,4,9451
26,20180214150343,20180214150343.jpg,5,87853
27,20180214150348,20180214150348.jpg,5,84508
28,20180214150354,20180214150354.jpg,4,8034
29,20180214150359,20180214150359.jpg,6,931152
30,20180214150410,20180214150410.jpg,5,86332
1 ,20180214150454,20180214150454.jpg,5,38915
2 ,20180214150456,20180214150456.jpg,6,120588
3 ,20180214150459,20180214150459.jpg,6,596056
4 ,20180214150501,20180214150501.jpg,5,52973
5 ,20180214150504,20180214150504.jpg,6,998797
6 ,20180214150506,20180214150506.jpg,6,216687
7 ,20180214150508,20180214150508.jpg,5,15954
8 ,20180214150511,20180214150511.jpg,6,903891
9 ,20180214150513,20180214150513.jpg,6,511248
10,20180214150516,20180214150516.jpg,6,733157
11,20180214150519,20180214150519.jpg,4,9133
12,20180214150522,20180214150522.jpg,5,03929
13,20180214150525,20180214150525.jpg,4,4312
14,20180214150528,20180214150528.jpg,5,35695
15,20180214150531,20180214150531.jpg,4,9973
16,20180214150534,20180214150534.jpg,6,310507
17,20180214150537,20180214150537.jpg,4,1779
18,20180214150541,20180214150541.jpg,6,303482
19,20180214150545,20180214150545.jpg,6,280643
20,20180214150548,20180214150548.jpg,4,3290
21,20180214150552,20180214150552.jpg,4,9033
22,20180214150556,20180214150556.jpg,5,27640
23,20180214150600,20180214150600.jpg,4,9136
24,20180214150604,20180214150604.jpg,4,1665
25,20180214150612,20180214150612.jpg,4,6329
26,20180214150616,20180214150616.jpg,5,00784
27,20180214150625,20180214150625.jpg,5,16193
28,20180214150630,20180214150630.jpg,4,0404
29,20180214150635,20180214150635.jpg,6,240014
30,20180214150639,20180214150639.jpg,4,9707
31,20180214150644,20180214150644.jpg,5,00070
32,20180214150649,20180214150649.jpg,4,4190
33,20180214150659,20180214150659.jpg,5,08117
34,20180214150715,20180214150715.jpg,4,4945
35,20180214150721,20180214150721.jpg,5,85237
36,20180214150727,20180214150727.jpg,6,456086
37,20180214150733,20180214150733.jpg,6,931545
1 ,20180214150818,20180214150818.jpg,6,535277
2 ,20180214150820,20180214150820.jpg,4,7400
3 ,20180214150822,20180214150822.jpg,5,96846
4 ,20180214150824,20180214150824.jpg,5,32169
5 ,20180214150825,20180214150825.jpg,4,4371
6 ,20180214150832,20180214150832.jpg,6,884246
7 ,20180214150835,20180214150835.jpg,5,28377
8 ,20180214150837,20180214150837.jpg,6,065587
9 ,20180214150840,20180214150840.jpg,5,89056
10,20180214150843,20180214150843.jpg,6,014073
11,20180214150846,20180214150846.jpg,6,016780
12,20180214150848,20180214150848.jpg,6,611648
13,20180214150852,20180214150852.jpg,6,611240
14,20180214150855,20180214150855.jpg,5,69597
15,20180214150858,20180214150858.jpg,4,8395
16,20180214150926,20180214150926.jpg,4,5797
17,20180214150929,20180214150929.jpg,6,982431
18,20180214150933,20180214150933.jpg,4,4180
19,20180214150941,20180214150941.jpg,6,707228
20,20180214150944,20180214150944.jpg,5,11786
21,20180214150949,20180214150949.jpg,5,36676
22,20180214150953,20180214150953.jpg,4,8626
23,20180214151002,20180214151002.jpg,5,76497
24,20180214151011,20180214151011.jpg,5,24137
25,20180214151015,20180214151015.jpg,4,5740
26,20180214151020,20180214151020.jpg,6,334159
27,20180214151030,20180214151030.jpg,4,0994
28,20180214151035,20180214151035.jpg,5,25833
29,20180214151056,20180214151056.jpg,4,4292
30,20180214151101,20180214151101.jpg,6,299771
31,20180214151107,20180214151107.jpg,6,875017
1 ,20180214151152,20180214151152.jpg,5,91463
2 ,20180214151155,20180214151155.jpg,4,7340
3 ,20180214151157,20180214151157.jpg,4,9267
4 ,20180214151201,20180214151201.jpg,4,8754
5 ,20180214151205,20180214151205.jpg,5,05748
6 ,20180214151208,20180214151208.jpg,6,393573
7 ,20180214151213,20180214151213.jpg,6,669428
8 ,20180214151216,20180214151216.jpg,4,7519
9 ,20180214151218,20180214151218.jpg,4,1704
10,20180214151221,20180214151221.jpg,6,753752
11,20180214151224,20180214151224.jpg,4,0665
12,20180214151230,20180214151230.jpg,5,06291
13,20180214151234,20180214151234.jpg,5,67034
14,20180214151237,20180214151237.jpg,4,2612
15,20180214151240,20180214151240.jpg,6,513821
16,20180214151244,20180214151244.jpg,5,36841
17,20180214151247,20180214151247.jpg,4,4394
18,20180214151251,20180214151251.jpg,5,35924
19,20180214151255,20180214151255.jpg,4,3815
20,20180214151303,20180214151303.jpg,6,321269
21,20180214151307,20180214151307.jpg,4,2707
22,20180214151311,20180214151311.jpg,4,9751
23,20180214151316,20180214151316.jpg,4,2549
24,20180214151320,20180214151320.jpg,4,6153
25,20180214151324,20180214151324.jpg,4,9548
26,20180214151329,20180214151329.jpg,5,46465
27,20180214151334,20180214151334.jpg,4,5745
28,20180214151339,20180214151339.jpg,5,62306
29,20180214151344,20180214151344.jpg,5,50356
30,20180214151349,20180214151349.jpg,6,586793
31,20180214151354,20180214151354.jpg,4,1533
32,20180214151359,20180214151359.jpg,4,8733
33,20180214151405,20180214151405.jpg,5,43727
34,20180214151410,20180214151410.jpg,6,392347
1 ,20180214151455,20180214151455.jpg,5,53995
2 ,20180214151457,20180214151457.jpg,5,99150
3 ,20180214151459,20180214151459.jpg,6,693949
4 ,20180214151501,20180214151501.jpg,4,6703
5 ,20180214151502,20180214151502.jpg,4,9156
6 ,20180214151509,20180214151509.jpg,5,54527
7 ,20180214151512,20180214151512.jpg,5,25880
8 ,20180214151517,20180214151517.jpg,4,0212
9 ,20180214151519,20180214151519.jpg,5,88035
10,20180214151522,20180214151522.jpg,5,10303
11,20180214151538,20180214151538.jpg,6,743669
12,20180214151541,20180214151541.jpg,5,30714
13,20180214151545,20180214151545.jpg,4,0719
14,20180214151548,20180214151548.jpg,4,4700
15,20180214151552,20180214151552.jpg,4,7735
16,20180214151556,20180214151556.jpg,6,926952
17,20180214151600,20180214151600.jpg,5,85056
18,20180214151604,20180214151604.jpg,6,695309
19,20180214151608,20180214151608.jpg,5,26221
20,20180214151612,20180214151612.jpg,6,922319
21,20180214151617,20180214151617.jpg,5,56647
22,20180214151621,20180214151621.jpg,5,99559
23,20180214151626,20180214151626.jpg,6,375947
24,20180214151635,20180214151635.jpg,6,693116
25,20180214151640,20180214151640.jpg,5,58060
26,20180214151645,20180214151645.jpg,6,467167
27,20180214151656,20180214151656.jpg,4,5206
28,20180214151702,20180214151702.jpg,5,33614
29,20180214151708,20180214151708.jpg,6,390932
30,20180214151714,20180214151714.jpg,5,44931
1 ,20180214151806,20180214151806.jpg,6,831492
2 ,20180214151808,20180214151808.jpg,4,8239
3 ,20180214151810,20180214151810.jpg,6,758140
4 ,20180214151811,20180214151811.jpg,5,28255
5 ,20180214151814,20180214151814.jpg,6,612814
6 ,20180214151816,20180214151816.jpg,5,55988
7 ,20180214151818,20180214151818.jpg,5,62070
8 ,20180214151820,20180214151820.jpg,4,3208
9 ,20180214151823,20180214151823.jpg,6,432497
10,20180214151825,20180214151825.jpg,4,9832
11,20180214151830,20180214151830.jpg,5,28643
12,20180214151833,20180214151833.jpg,4,0788
13,20180214151836,20180214151836.jpg,4,2568
14,20180214151839,20180214151839.jpg,6,010034
15,20180214151842,20180214151842.jpg,6,118567
16,20180214151845,20180214151845.jpg,4,5929
17,20180214151849,20180214151849.jpg,6,702059
18,20180214151852,20180214151852.jpg,5,97877
19,20180214151855,20180214151855.jpg,4,0385
20,20180214151907,20180214151907.jpg,5,03846
21,20180214151910,20180214151910.jpg,6,114739
22,20180214151914,20180214151914.jpg,5,54847
23,20180214151919,20180214151919.jpg,5,81309
24,20180214151923,20180214151923.jpg,5,48100
25,20180214151927,20180214151927.jpg,5,23924
26,20180214151931,20180214151931.jpg,4,7254
27,20180214151936,20180214151936.jpg,4,3977
28,20180214151950,20180214151950.jpg,4,5518
29,20180214151954,20180214151954.jpg,4,0778
30,20180214151959,20180214151959.jpg,6,736437
31,20180214152010,20180214152010.jpg,4,4253
32,20180214152015,20180214152015.jpg,4,6996
33,20180214152021,20180214152021.jpg,4,4943
34,20180214152026,20180214152026.jpg,5,44784
1 ,20180214152124,20180214152124.jpg,6,733052
2 ,20180214152125,20180214152125.jpg,4,5010
3 ,20180214152127,20180214152127.jpg,5,53088
4 ,20180214152129,20180214152129.jpg,5,98709
5 ,20180214152133,20180214152133.jpg,6,313654
6 ,20180214152135,20180214152135.jpg,4,7746
7 ,20180214152140,20180214152140.jpg,6,585647
8 ,20180214152148,20180214152148.jpg,5,99593
9 ,20180214152151,20180214152151.jpg,6,725435
10,20180214152154,20180214152154.jpg,4,0481
11,20180214152157,20180214152157.jpg,6,444597
12,20180214152200,20180214152200.jpg,4,4496
13,20180214152203,20180214152203.jpg,4,1291
14,20180214152207,20180214152207.jpg,6,715950
15,20180214152210,20180214152210.jpg,4,1858
16,20180214152214,20180214152214.jpg,5,84555
17,20180214152217,20180214152217.jpg,4,0402
18,20180214152221,20180214152221.jpg,4,8530
19,20180214152225,20180214152225.jpg,6,800025
20,20180214152229,20180214152229.jpg,4,1727
21,20180214152232,20180214152232.jpg,5,29433
22,20180214152237,20180214152237.jpg,4,4312
23,20180214152241,20180214152241.jpg,5,38139
24,20180214152245,20180214152245.jpg,4,6048
25,20180214152254,20180214152254.jpg,4,0447
26,20180214152258,20180214152258.jpg,5,73655
27,20180214152303,20180214152303.jpg,5,76901
28,20180214152308,20180214152308.jpg,4,9405
29,20180214152312,20180214152312.jpg,5,01566
30,20180214152317,20180214152317.jpg,4,7656
31,20180214152323,20180214152323.jpg,6,057422
32,20180214152328,20180214152328.jpg,6,415609
33,20180214152333,20180214152333.jpg,5,16117
34,20180214152338,20180214152338.jpg,4,5014
1 ,20180214152434,20180214152434.jpg,4,6959
2 ,20180214152438,20180214152438.jpg,5,29995
3 ,20180214152440,20180214152440.jpg,4,9304
4 ,20180214152444,20180214152444.jpg,5,59230
5 ,20180214152447,20180214152447.jpg,4,1915
6 ,20180214152449,20180214152449.jpg,4,3877
7 ,20180214152452,20180214152452.jpg,6,822585
8 ,20180214152454,20180214152454.jpg,5,68817
9 ,20180214152500,20180214152500.jpg,6,399695
10,20180214152503,20180214152503.jpg,4,5116
11,20180214152506,20180214152506.jpg,5,71117
12,20180214152509,20180214152509.jpg,5,13428
13,20180214152513,20180214152513.jpg,4,9560
14,20180214152516,20180214152516.jpg,4,2887
15,20180214152519,20180214152519.jpg,4,0922
16,20180214152527,20180214152527.jpg,6,127832
17,20180214152534,20180214152534.jpg,5,74574
18,20180214152538,20180214152538.jpg,5,65315
19,20180214152542,20180214152542.jpg,4,3733
20,20180214152547,20180214152547.jpg,6,714925
21,20180214152551,20180214152551.jpg,4,9327
22,20180214152555,20180214152555.jpg,4,3807
23,20180214152559,20180214152559.jpg,5,61222
24,20180214152604,20180214152604.jpg,4,6735
25,20180214152609,20180214152609.jpg,6,702450
26,20180214152614,20180214152614.jpg,6,906564
27,20180214152618,20180214152618.jpg,5,38828
28,20180214152624,20180214152624.jpg,6,361061
29,20180214152640,20180214152640.jpg,5,80641
30,20180214152645,20180214152645.jpg,6,111480
1 ,20180214152744,20180214152744.jpg,6,302392
2 ,20180214152746,20180214152746.jpg,6,235399
3 ,20180214152750,20180214152750.jpg,4,3946
4 ,20180214152756,20180214152756.jpg,4,4166
5 ,20180214152758,20180214152758.jpg,5,20733
6 ,20180214152801,20180214152801.jpg,5,41965
7 ,20180214152804,20180214152804.jpg,5,09875
8 ,20180214152806,20180214152806.jpg,4,7117
9 ,20180214152809,20180214152809.jpg,5,40899
10,20180214152812,20180214152812.jpg,5,47493
11,20180214152815,20180214152815.jpg,5,92932
12,20180214152818,20180214152818.jpg,5,41124
13,20180214152821,20180214152821.jpg,5,55202
14,20180214152825,20180214152825.jpg,4,5126
15,20180214152828,20180214152828.jpg,5,63519
16,20180214152832,20180214152832.jpg,4,4197
17,20180214152842,20180214152842.jpg,4,2103
18,20180214152854,20180214152854.jpg,5,92174
19,20180214152859,20180214152859.jpg,5,80121
20,20180214152903,20180214152903.jpg,6,998408
21,20180214152907,20180214152907.jpg,5,69129
22,20180214152911,20180214152911.jpg,5,97592
23,20180214152916,20180214152916.jpg,6,151174
24,20180214152931,20180214152931.jpg,4,7950
25,20180214152935,20180214152935.jpg,5,15484
26,20180214152941,20180214152941.jpg,4,6503
27,20180214152946,20180214152946.jpg,5,50632
28,20180214152951,20180214152951.jpg,6,822572
29,20180214153002,20180214153002.jpg,5,98852
30,20180214153008,20180214153008.jpg,5,34242
1 ,20180214153055,20180214153055.jpg,4,7545
2 ,20180214153057,20180214153057.jpg,4,6783
3 ,20180214153100,20180214153100.jpg,6,956046
4 ,20180214153102,20180214153102.jpg,4,2814
5 ,20180214153104,20180214153104.jpg,6,518590
6 ,20180214153107,20180214153107.jpg,5,47627
7 ,20180214153109,20180214153109.jpg,6,284933
8 ,20180214153112,20180214153112.jpg,6,242685
9 ,20180214153114,20180214153114.jpg,4,9009
10,20180214153117,20180214153117.jpg,6,713404
11,20180214153119,20180214153119.jpg,5,47668
12,20180214153122,20180214153122.jpg,5,36035
13,20180214153125,20180214153125.jpg,4,2638
14,20180214153128,20180214153128.jpg,4,2337
15,20180214153131,20180214153131.jpg,6,252463
16,20180214153134,20180214153134.jpg,5,60212
17,20180214153137,20180214153137.jpg,6,468381
18,20180214153141,20180214153141.jpg,6,745917
19,20180214153144,20180214153144.jpg,4,0074
20,20180214153148,20180214153148.jpg,5,50598
21,20180214153152,20180214153152.jpg,5,49689
22,20180214153212,20180214153212.jpg,5,07841
23,20180214153216,20180214153216.jpg,5,34830
24,20180214153220,20180214153220.jpg,5,20453
25,20180214153225,20180214153225.jpg,5,51739
26,20180214153235,20180214153235.jpg,6,013662
27,20180214153240,20180214153240.jpg,6,355438
28,20180214153245,20180214153245.jpg,6,790072
29,20180214153250,20180214153250.jpg,6,897045
30,20180214153255,20180214153255.jpg,6,878359
31,20180214153300,20180214153300.jpg,5,36944
32,20180214153306,20180214153306.jpg,6,135939
33,20180214153311,20180214153311.jpg,6,640828
34,20180214153317,20180214153317.jpg,6,429554
1 ,20180214153404,20180214153404.jpg,6,483733
2 ,20180214153409,20180214153409.jpg,4,3416
3 ,20180214153411,20180214153411.jpg,4,0026
4 ,20180214153413,20180214153413.jpg,6,866483
5 ,20180214153416,20180214153416.jpg,6,574768
6 ,20180214153420,20180214153420.jpg,4,5894
7 ,20180214153428,20180214153428.jpg,4,2394
8 ,20180214153431,20180214153431.jpg,4,8213
9 ,20180214153434,20180214153434.jpg,5,47415
10,20180214153437,20180214153437.jpg,6,474857
11,20180214153440,20180214153440.jpg,6,490569
12,20180214153454,20180214153454.jpg,6,083480
13,20180214153457,20180214153457.jpg,5,98894
14,20180214153501,20180214153501.jpg,6,004341
15,20180214153505,20180214153505.jpg,5,83577
16,20180214153513,20180214153513.jpg,5,83505
17,20180214153517,20180214153517.jpg,4,3239
18,20180214153525,20180214153525.jpg,4,5821
19,20180214153529,20180214153529.jpg,6,475061
20,20180214153534,20180214153534.jpg,4,3216
21,20180214153543,20180214153543.jpg,5,73321
22,20180214153553,20180214153553.jpg,4,1105
23,20180214153558,20180214153558.jpg,6,049273
24,20180214153603,20180214153603.jpg,5,00180
25,20180214153608,20180214153608.jpg,5,92599
26,20180214153613,20180214153613.jpg,5,77231
27,20180214153618,20180214153618.jpg,4,1695
1 ,20180214153717,20180214153717.jpg,4,8785
2 ,20180214153721,20180214153721.jpg,6,617537
3 ,20180214153724,20180214153724.jpg,4,5615
4 ,20180214153726,20180214153726.jpg,4,8907
5 ,20180214153731,20180214153731.jpg,5,19036
6 ,20180214153736,20180214153736.jpg,5,13040
7 ,20180214153738,20180214153738.jpg,5,30929
8 ,20180214153741,20180214153741.jpg,6,568738
9 ,20180214153744,20180214153744.jpg,4,3114
10,20180214153747,20180214153747.jpg,6,545904
11,20180214153750,20180214153750.jpg,4,2964
12,20180214153753,20180214153753.jpg,5,81329
13,20180214153756,20180214153756.jpg,4,2662
14,20180214153759,20180214153759.jpg,4,4234
15,20180214153803,20180214153803.jpg,5,55491
16,20180214153806,20180214153806.jpg,4,0904
17,20180214153809,20180214153809.jpg,5,15320
18,20180214153813,20180214153813.jpg,6,857565
19,20180214153817,20180214153817.jpg,5,39635
20,20180214153821,20180214153821.jpg,4,5652
21,20180214153824,20180214153824.jpg,4,0050
22,20180214153829,20180214153829.jpg,6,053249
23,20180214153833,20180214153833.jpg,6,444686
24,20180214153837,20180214153837.jpg,6,902307
25,20180214153841,20180214153841.jpg,4,3846
26,20180214153846,20180214153846.jpg,4,4573
27,20180214153851,20180214153851.jpg,4,1385
28,20180214153855,20180214153855.jpg,4,5906
29,20180214153900,20180214153900.jpg,6,744768
30,20180214153905,20180214153905.jpg,5,24705
31,20180214153910,20180214153910.jpg,6,292028
32,20180214153915,20180214153915.jpg,4,8856
33,20180214153925,20180214153925.jpg,4,4350
34,20180214153931,20180214153931.jpg,4,5762
35,20180214153936,20180214153936.jpg,5,30878
1 ,20180214154024,20180214154024.jpg,4,0292
2 ,20180214154026,20180214154026.jpg,6,053815
3 ,20180214154027,20180214154027.jpg,5,52172
4 ,20180214154029,20180214154029.jpg,6,105032
5 ,20180214154031,20180214154031.jpg,6,149194
6 ,20180214154034,20180214154034.jpg,6,465553
7 ,20180214154036,20180214154036.jpg,4,2733
8 ,20180214154038,20180214154038.jpg,5,01739
9 ,20180214154043,20180214154043.jpg,4,2478
10,20180214154046,20180214154046.jpg,5,07431
11,20180214154048,20180214154048.jpg,4,0019
12,20180214154051,20180214154051.jpg,5,10831
13,20180214154057,20180214154057.jpg,4,4099
14,20180214154101,20180214154101.jpg,5,85776
15,20180214154104,20180214154104.jpg,5,17880
16,20180214154107,20180214154107.jpg,4,2619
17,20180214154114,20180214154114.jpg,4,5177
18,20180214154117,20180214154117.jpg,6,544863
19,20180214154121,20180214154121.jpg,4,8507
20,20180214154125,20180214154125.jpg,6,441307
21,20180214154129,20180214154129.jpg,5,04687
22,20180214154133,20180214154133.jpg,6,403088
23,20180214154137,20180214154137.jpg,4,4408
24,20180214154145,20180214154145.jpg,4,7794
25,20180214154150,20180214154150.jpg,4,3408
26,20180214154159,20180214154159.jpg,6,647620
27,20180214154208,20180214154208.jpg,5,55802
28,20180214154213,20180214154213.jpg,6,789410
29,20180214154218,20180214154218.jpg,4,8423
30,20180214154223,20180214154223.jpg,4,4249
31,20180214154229,20180214154229.jpg,6,374896
32,20180214154234,20180214154234.jpg,5,68986
33,20180214154239,20180214154239.jpg,4,4707
34,20180214154244,20180214154244.jpg,4,5590
1 ,20180214154335,20180214154335.jpg,6,682346
2 ,20180214154336,20180214154336.jpg,4,4817
3 ,20180214154338,20180214154338.jpg,6,247114
4 ,20180214154340,20180214154340.jpg,4,1741
5 ,20180214154342,20180214154342.jpg,4,4991
6 ,20180214154345,20180214154345.jpg,6,004615
7 ,20180214154347,20180214154347.jpg,4,7300
8 ,20180214154349,20180214154349.jpg,5,31076
9 ,20180214154351,20180214154351.jpg,4,5311
10,20180214154354,20180214154354.jpg,4,9496
11,20180214154357,20180214154357.jpg,4,4750
12,20180214154400,20180214154400.jpg,6,502100
13,20180214154402,20180214154402.jpg,5,89953
14,20180214154405,20180214154405.jpg,4,1056
15,20180214154408,20180214154408.jpg,6,230280
16,20180214154412,20180214154412.jpg,5,75150
17,20180214154415,20180214154415.jpg,5,12396
18,20180214154418,20180214154418.jpg,5,46476
19,20180214154422,20180214154422.jpg,5,32643
20,20180214154425,20180214154425.jpg,5,38499
21,20180214154429,20180214154429.jpg,4,7125
22,20180214154432,20180214154432.jpg,4,0736
23,20180214154436,20180214154436.jpg,4,3944
24,20180214154440,20180214154440.jpg,5,24938
25,20180214154444,20180214154444.jpg,5,06798
26,20180214154448,20180214154448.jpg,5,82490
27,20180214154452,20180214154452.jpg,4,0310
28,20180214154457,20180214154457.jpg,6,674569
29,20180214154502,20180214154502.jpg,5,07687
30,20180214154506,20180214154506.jpg,4,2399
31,20180214154516,20180214154516.jpg,5,55891
32,20180214154520,20180214154520.jpg,4,7940
33,20180214154525,20180214154525.jpg,4,9179
34,20180214154530,20180214154530.jpg,4,7653
35,20180214154535,20180214154535.jpg,5,45741
36,20180214154551,20180214154551.jpg,5,03455
37,20180214154557,20180214154557.jpg,5,12319
1 ,20180214154646,20180214154646.jpg,4,0765
2 ,20180214154647,20180214154647.jpg,5,08079
3 ,20180214154649,20180214154649.jpg,6,034268
4 ,20180214154655,20180214154655.jpg,5,03383
5 ,20180214154658,20180214154658.jpg,4,5458
6 ,20180214154700,20180214154700.jpg,6,073790
7 ,20180214154703,20180214154703.jpg,6,204706
8 ,20180214154705,20180214154705.jpg,4,0364
9 ,20180214154708,20180214154708.jpg,5,75663
10,20180214154714,20180214154714.jpg,4,2710
11,20180214154716,20180214154716.jpg,6,003991
12,20180214154719,20180214154719.jpg,5,63373
13,20180214154723,20180214154723.jpg,5,20535
14,20180214154729,20180214154729.jpg,6,975215
15,20180214154736,20180214154736.jpg,4,1858
16,20180214154740,20180214154740.jpg,6,603476
17,20180214154747,20180214154747.jpg,6,342957
18,20180214154755,20180214154755.jpg,6,544484
19,20180214154800,20180214154800.jpg,6,875847
20,20180214154817,20180214154817.jpg,6,367554
21,20180214154822,20180214154822.jpg,5,59507
22,20180214154826,20180214154826.jpg,5,51054
23,20180214154836,20180214154836.jpg,5,25145
24,20180214154841,20180214154841.jpg,6,316678
25,20180214154851,20180214154851.jpg,4,8373
26,20180214154856,20180214154856.jpg,5,56584
27,20180214154902,20180214154902.jpg,6,192422
28,20180214154908,20180214154908.jpg,6,787224
1 ,20180214155003,20180214155003.jpg,6,417894
2 ,20180214155004,20180214155004.jpg,4,2597
3 ,20180214155006,20180214155006.jpg,4,3667
4 ,20180214155008,20180214155008.jpg,5,97947
5 ,20180214155010,20180214155010.jpg,5,29047
6 ,20180214155012,20180214155012.jpg,6,687135
7 ,20180214155014,20180214155014.jpg,6,914201
8 ,20180214155017,20180214155017.jpg,6,111106
9 ,20180214155019,20180214155019.jpg,6,715333
10,20180214155022,20180214155022.jpg,5,64493
11,20180214155027,20180214155027.jpg,6,492313
12,20180214155030,20180214155030.jpg,5,02446
13,20180214155033,20180214155033.jpg,5,34085
14,20180214155036,20180214155036.jpg,4,4367
15,20180214155042,20180214155042.jpg,4,1805
16,20180214155046,20180214155046.jpg,6,981169
17,20180214155049,20180214155049.jpg,6,596347
18,20180214155053,20180214155053.jpg,6,344717
19,20180214155056,20180214155056.jpg,6,410152
20,20180214155100,20180214155100.jpg,5,46314
21,20180214155104,20180214155104.jpg,5,01709
22,20180214155108,20180214155108.jpg,4,3494
23,20180214155112,20180214155112.jpg,4,5352
24,20180214155121,20180214155121.jpg,5,47491
25,20180214155129,20180214155129.jpg,6,367954
26,20180214155148,20180214155148.jpg,6,135439
27,20180214155153,20180214155153.jpg,6,663872
28,20180214155158,20180214155158.jpg,6,382671
29,20180214155203,20180214155203.jpg,4,9408
30,20180214155214,20180214155214.jpg,4,4774
31,20180214155219,20180214155219.jpg,5,78549
32,20180214155225,20180214155225.jpg,6,532193
1 ,20180214155314,20180214155314.jpg,5,48984
2 ,20180214155316,20180214155316.jpg,4,7755
3 ,20180214155320,20180214155320.jpg,4,5458
4 ,20180214155324,20180214155324.jpg,6,517475
5 ,20180214155326,20180214155326.jpg,4,2058
6 ,20180214155328,20180214155328.jpg,4,1918
7 ,20180214155331,20180214155331.jpg,6,824734
8 ,20180214155333,20180214155333.jpg,4,7419
9 ,20180214155336,20180214155336.jpg,4,6541
10,20180214155338,20180214155338.jpg,5,03895
11,20180214155341,20180214155341.jpg,6,306671
12,20180214155344,20180214155344.jpg,4,0260
13,20180214155347,20180214155347.jpg,6,003345
14,20180214155350,20180214155350.jpg,6,966397
15,20180214155354,20180214155354.jpg,5,28319
16,20180214155400,20180214155400.jpg,4,9937
17,20180214155404,20180214155404.jpg,6,981515
18,20180214155411,20180214155411.jpg,5,54814
19,20180214155415,20180214155415.jpg,4,9941
20,20180214155419,20180214155419.jpg,4,9425
21,20180214155423,20180214155423.jpg,6,399332
22,20180214155427,20180214155427.jpg,4,5764
23,20180214155431,20180214155431.jpg,4,5782
24,20180214155435,20180214155435.jpg,6,922969
25,20180214155439,20180214155439.jpg,4,4581
26,20180214155453,20180214155453.jpg,4,1416
27,20180214155458,20180214155458.jpg,5,36222
28,20180214155503,20180214155503.jpg,6,530561
29,20180214155508,20180214155508.jpg,4,6211
30,20180214155513,20180214155513.jpg,5,29886
31,20180214155518,20180214155518.jpg,6,416010
32,20180214155529,20180214155529.jpg,5,52605
33,20180214155540,20180214155540.jpg,6,373995
1 ,20180214155630,20180214155630.jpg,5,93894
2 ,20180214155631,20180214155631.jpg,4,7461
3 ,20180214155633,20180214155633.jpg,4,5063
4 ,20180214155635,20180214155635.jpg,6,961299
5 ,20180214155637,20180214155637.jpg,5,92943
6 ,20180214155639,20180214155639.jpg,4,0576
7 ,20180214155641,20180214155641.jpg,5,84222
8 ,20180214155644,20180214155644.jpg,4,4384
9 ,20180214155646,20180214155646.jpg,5,68403
10,20180214155651,20180214155651.jpg,4,0289
11,20180214155654,20180214155654.jpg,5,57368
12,20180214155657,20180214155657.jpg,6,015027
13,20180214155659,20180214155659.jpg,5,57091
14,20180214155702,20180214155702.jpg,5,77499
15,20180214155705,20180214155705.jpg,4,5134
16,20180214155708,20180214155708.jpg,6,859175
17,20180214155712,20180214155712.jpg,4,4198
18,20180214155715,20180214155715.jpg,5,98380
19,20180214155722,20180214155722.jpg,6,713951
20,20180214155730,20180214155730.jpg,4,2218
21,20180214155734,20180214155734.jpg,6,702756
22,20180214155737,20180214155737.jpg,6,097633
23,20180214155742,20180214155742.jpg,6,737125
24,20180214155746,20180214155746.jpg,4,9118
25,20180214155754,20180214155754.jpg,4,0023
26,20180214155759,20180214155759.jpg,5,99763
27,20180214155804,20180214155804.jpg,6,202026
28,20180214155813,20180214155813.jpg,4,0367
29,20180214155818,20180214155818.jpg,4,7561
30,20180214155822,20180214155822.jpg,5,86938
31,20180214155828,20180214155828.jpg,6,476772
32,20180214155833,20180214155833.jpg,5,65646
33,20180214155838,20180214155838.jpg,4,3212
34,20180214155843,20180214155843.jpg,4,5869
35,20180214155854,20180214155854.jpg,6,975675
1 ,20180214155948,20180214155948.jpg,6,974113
2 ,20180214155950,20180214155950.jpg,6,675197
3 ,20180214155952,20180214155952.jpg,6,088140
4 ,20180214155957,20180214155957.jpg,5,91017
5 ,20180214155959,20180214155959.jpg,4,6422
6 ,20180214160001,20180214160001.jpg,4,4144
7 ,20180214160004,20180214160004.jpg,4,3450
8 ,20180214160006,20180214160006.jpg,5,33017
9 ,20180214160009,20180214160009.jpg,5,01364
10,20180214160014,20180214160014.jpg,4,2338
11,20180214160017,20180214160017.jpg,5,62032
12,20180214160021,20180214160021.jpg,6,218296
13,20180214160024,20180214160024.jpg,6,794193
14,20180214160034,20180214160034.jpg,5,18049
15,20180214160038,20180214160038.jpg,4,2372
16,20180214160042,20180214160042.jpg,6,679238
17,20180214160046,20180214160046.jpg,6,282886
18,20180214160050,20180214160050.jpg,5,99074
19,20180214160053,20180214160053.jpg,4,4057
20,20180214160058,20180214160058.jpg,5,05754
21,20180214160102,20180214160102.jpg,5,49656
22,20180214160106,20180214160106.jpg,4,4271
23,20180214160111,20180214160111.jpg,5,54209
24,20180214160115,20180214160115.jpg,6,754771
25,20180214160124,20180214160124.jpg,4,2146
26,20180214160129,20180214160129.jpg,4,1499
27,20180214160134,20180214160134.jpg,4,6892
28,20180214160139,20180214160139.jpg,4,7559
29,20180214160149,20180214160149.jpg,4,7603
30,20180214160155,20180214160155.jpg,5,31705
31,20180214160200,20180214160200.jpg,4,8770
32,20180214160205,20180214160205.jpg,6,537385
1 ,20180214160255,20180214160255.jpg,4,7629
2 ,20180214160257,20180214160257.jpg,5,48769
3 ,20180214160301,20180214160301.jpg,5,24182
4 ,20180214160310,20180214160310.jpg,6,398458
5 ,20180214160312,20180214160312.jpg,4,8504
6 ,20180214160315,20180214160315.jpg,4,4240
7 ,20180214160317,20180214160317.jpg,4,0029
8 ,20180214160326,20180214160326.jpg,4,1283
9 ,20180214160329,20180214160329.jpg,4,8766
10,20180214160332,20180214160332.jpg,4,9828
11,20180214160336,20180214160336.jpg,4,6982
12,20180214160342,20180214160342.jpg,4,4147
13,20180214160346,20180214160346.jpg,4,4597
14,20180214160349,20180214160349.jpg,5,30992
15,20180214160353,20180214160353.jpg,6,848340
16,20180214160357,20180214160357.jpg,4,3248
17,20180214160400,20180214160400.jpg,4,6890
18,20180214160404,20180214160404.jpg,4,4065
19,20180214160408,20180214160408.jpg,6,967000
20,20180214160417,20180214160417.jpg,6,906527
21,20180214160421,20180214160421.jpg,4,9562
22,20180214160435,20180214160435.jpg,5,91948
23,20180214160450,20180214160450.jpg,5,15805
24,20180214160455,20180214160455.jpg,6,872393
25,20180214160505,20180214160505.jpg,5,27429
26,20180214160510,20180214160510.jpg,4,0705
1 ,20180214160607,20180214160607.jpg,6,624309
2 ,20180214160608,20180214160608.jpg,5,95720
3 ,20180214160610,20180214160610.jpg,6,389867
4 ,20180214160612,20180214160612.jpg,5,58057
5 ,20180214160616,20180214160616.jpg,5,50552
6 ,20180214160619,20180214160619.jpg,5,16122
7 ,20180214160621,20180214160621.jpg,6,301146
8 ,20180214160623,20180214160623.jpg,4,1739
9 ,20180214160629,20180214160629.jpg,5,48153
10,20180214160631,20180214160631.jpg,4,3536
11,20180214160634,20180214160634.jpg,6,603238
12,20180214160637,20180214160637.jpg,4,7022
13,20180214160640,20180214160640.jpg,6,314631
14,20180214160643,20180214160643.jpg,5,55011
15,20180214160646,20180214160646.jpg,6,534965
16,20180214160653,20180214160653.jpg,5,36320
17,20180214160657,20180214160657.jpg,6,662314
18,20180214160700,20180214160700.jpg,4,8543
19,20180214160704,20180214160704.jpg,6,152470
20,20180214160708,20180214160708.jpg,6,295720
21,20180214160720,20180214160720.jpg,4,9571
22,20180214160724,20180214160724.jpg,6,310342
23,20180214160733,20180214160733.jpg,4,5812
24,20180214160743,20180214160743.jpg,6,436963
25,20180214160748,20180214160748.jpg,6,382531
26,20180214160752,20180214160752.jpg,5,69337
27,20180214160757,20180214160757.jpg,6,531973
28,20180214160803,20180214160803.jpg,5,75202
29,20180214160808,20180214160808.jpg,5,83823
30,20180214160813,20180214160813.jpg,5,10310
31,20180214160819,20180214160819.jpg,6,974376
32,20180214160835,20180214160835.jpg,4,9599
33,20180214160841,20180214160841.jpg,5,47069
1 ,20180214160933,20180214160933.jpg,4,1240
2 ,20180214160935,20180214160935.jpg,4,8458
3 ,20180214160937,20180214160937.jpg,5,10194
4 ,20180214160941,20180214160941.jpg,4,2047
5 ,20180214160945,20180214160945.jpg,5,53343
6 ,20180214160948,20180214160948.jpg,4,5800
7 ,20180214160950,20180214160950.jpg,6,810830
8 ,20180214160953,20180214160953.jpg,4,2320
9 ,20180214160956,20180214160956.jpg,6,952475
10,20180214160959,20180214160959.jpg,6,481279
11,20180214161004,20180214161004.jpg,4,8226
12,20180214161007,20180214161007.jpg,5,01211
13,20180214161014,20180214161014.jpg,5,46754
14,20180214161017,20180214161017.jpg,5,33213
15,20180214161028,20180214161028.jpg,6,057092
16,20180214161031,20180214161031.jpg,4,5117
17,20180214161035,20180214161035.jpg,4,7799
18,20180214161039,20180214161039.jpg,6,491753
19,20180214161043,20180214161043.jpg,4,1626
20,20180214161047,20180214161047.jpg,4,9083
21,20180214161051,20180214161051.jpg,4,1478
22,20180214161056,20180214161056.jpg,6,971533
23,20180214161100,20180214161100.jpg,6,841274
24,20180214161105,20180214161105.jpg,5,07307
25,20180214161110,20180214161110.jpg,4,2994
26,20180214161114,20180214161114.jpg,6,479446
27,20180214161129,20180214161129.jpg,4,5052
28,20180214161135,20180214161135.jpg,6,539418
29,20180214161140,20180214161140.jpg,5,79946
30,20180214161151,20180214161151.jpg,6,524705
31,20180214161157,20180214161157.jpg,4,3012
1 ,20180214161248,20180214161248.jpg,4,8167
2 ,20180214161249,20180214161249.jpg,4,1125
3 ,20180214161251,20180214161251.jpg,4,3901
4 ,20180214161253,20180214161253.jpg,6,489241
5 ,20180214161255,20180214161255.jpg,6,854854
6 ,20180214161257,20180214161257.jpg,5,05247
7 ,20180214161259,20180214161259.jpg,5,47596
8 ,20180214161302,20180214161302.jpg,5,79828
9 ,20180214161304,20180214161304.jpg,4,0375
10,20180214161306,20180214161306.jpg,5,72232
11,20180214161309,20180214161309.jpg,4,7230
12,20180214161314,20180214161314.jpg,4,1674
13,20180214161317,20180214161317.jpg,4,6090
14,20180214161323,20180214161323.jpg,6,266076
15,20180214161326,20180214161326.jpg,4,8588
16,20180214161330,20180214161330.jpg,4,4843
17,20180214161333,20180214161333.jpg,4,3935
18,20180214161336,20180214161336.jpg,5,89098
19,20180214161340,20180214161340.jpg,5,06920
20,20180214161344,20180214161344.jpg,6,804814
21,20180214161351,20180214161351.jpg,4,8389
22,20180214161400,20180214161400.jpg,4,0154
23,20180214161404,20180214161404.jpg,4,8154
24,20180214161408,20180214161408.jpg,6,204168
25,20180214161412,20180214161412.jpg,4,4377
26,20180214161416,20180214161416.jpg,4,1511
27,20180214161421,20180214161421.jpg,4,7661
28,20180214161425,20180214161425.jpg,5,88936
29,20180214161430,20180214161430.jpg,4,9209
30,20180214161435,20180214161435.jpg,5,48488
31,20180214161440,20180214161440.jpg,4,5243
32,20180214161455,20180214161455.jpg,6,174070
33,20180214161500,20180214161500.jpg,5,58802
34,20180214161506,20180214161506.jpg,4,2008
35,20180214161511,20180214161511.jpg,4,8538
1 ,20180214161603,20180214161603.jpg,4,2700
2 ,20180214161606,20180214161606.jpg,5,34639
3 ,20180214161608,20180214161608.jpg,6,175143
4 ,20180214161610,20180214161610.jpg,4,5201
5 ,20180214161612,20180214161612.jpg,4,5874
6 ,20180214161614,20180214161614.jpg,5,63816
7 ,20180214161617,20180214161617.jpg,5,89793
8 ,20180214161619,20180214161619.jpg,6,399295
9 ,20180214161622,20180214161622.jpg,4,3373
10,20180214161624,20180214161624.jpg,4,3329
11,20180214161627,20180214161627.jpg,6,424513
12,20180214161630,20180214161630.jpg,6,607796
13,20180214161633,20180214161633.jpg,5,88429
14,20180214161635,20180214161635.jpg,5,47709
15,20180214161642,20180214161642.jpg,6,214718
16,20180214161645,20180214161645.jpg,4,4555
17,20180214161649,20180214161649.jpg,5,74287
18,20180214161652,20180214161652.jpg,6,409934
19,20180214161656,20180214161656.jpg,5,74014
20,20180214161700,20180214161700.jpg,6,776774
21,20180214161703,20180214161703.jpg,4,3092
22,20180214161711,20180214161711.jpg,5,31922
23,20180214161716,20180214161716.jpg,4,5596
24,20180214161720,20180214161720.jpg,5,12446
25,20180214161724,20180214161724.jpg,6,257224
26,20180214161728,20180214161728.jpg,6,507568
27,20180214161733,20180214161733.jpg,6,286801
28,20180214161738,20180214161738.jpg,5,41368
29,20180214161752,20180214161752.jpg,5,50828
30,20180214161757,20180214161757.jpg,5,17877
31,20180214161809,20180214161809.jpg,5,56755
32,20180214161814,20180214161814.jpg,4,0342
33,20180214161836,20180214161836.jpg,6,805566
34,20180214161841,20180214161841.jpg,4,0110
1 ,20180214161933,20180214161933.jpg,5,42621
2 ,20180214161937,20180214161937.jpg,6,923844
3 ,20180214161939,20180214161939.jpg,5,19146
4 ,20180214161941,20180214161941.jpg,5,71058
5 ,20180214161943,20180214161943.jpg,4,6157
6 ,20180214161945,20180214161945.jpg,6,027650
7 ,20180214161948,20180214161948.jpg,6,076491
8 ,20180214161950,20180214161950.jpg,6,082371
9 ,20180214161953,20180214161953.jpg,4,5085
10,20180214161958,20180214161958.jpg,6,219290
11,20180214162004,20180214162004.jpg,4,7540
12,20180214162007,20180214162007.jpg,6,840162
13,20180214162010,20180214162010.jpg,6,274231
14,20180214162014,20180214162014.jpg,4,6288
15,20180214162017,20180214162017.jpg,6,005188
16,20180214162020,20180214162020.jpg,4,4930
17,20180214162024,20180214162024.jpg,5,44853
18,20180214162027,20180214162027.jpg,5,47590
19,20180214162039,20180214162039.jpg,4,7776
20,20180214162043,20180214162043.jpg,4,3508
21,20180214162047,20180214162047.jpg,6,751576
22,20180214162051,20180214162051.jpg,4,5816
23,20180214162055,20180214162055.jpg,4,9005
24,20180214162100,20180214162100.jpg,6,619776
25,20180214162109,20180214162109.jpg,6,059318
26,20180214162114,20180214162114.jpg,6,242268
27,20180214162119,20180214162119.jpg,4,2648
28,20180214162124,20180214162124.jpg,6,993430
29,20180214162134,20180214162134.jpg,6,838163
30,20180214162139,20180214162139.jpg,5,68063
31,20180214162150,20180214162150.jpg,5,52823
32,20180214162156,20180214162156.jpg,4,8009
33,20180214162207,20180214162207.jpg,6,175819
1 ,20180214162300,20180214162300.jpg,4,6554
2 ,20180214162302,20180214162302.jpg,6,668994
3 ,20180214162304,20180214162304.jpg,4,8131
4 ,20180214162308,20180214162308.jpg,4,9558
5 ,20180214162310,20180214162310.jpg,5,71506
6 ,20180214162312,20180214162312.jpg,5,45180
7 ,20180214162314,20180214162314.jpg,4,6318
8 ,20180214162319,20180214162319.jpg,4,7025
9 ,20180214162321,20180214162321.jpg,5,79765
10,20180214162324,20180214162324.jpg,5,28908
11,20180214162330,20180214162330.jpg,4,2820
12,20180214162333,20180214162333.jpg,6,883340
13,20180214162336,20180214162336.jpg,5,19774
14,20180214162339,20180214162339.jpg,6,229311
15,20180214162342,20180214162342.jpg,5,70716
16,20180214162349,20180214162349.jpg,5,34655
17,20180214162353,20180214162353.jpg,5,07906
18,20180214162356,20180214162356.jpg,5,87780
19,20180214162400,20180214162400.jpg,4,8357
20,20180214162404,20180214162404.jpg,6,613101
21,20180214162408,20180214162408.jpg,4,2600
22,20180214162417,20180214162417.jpg,4,8959
23,20180214162426,20180214162426.jpg,6,671326
24,20180214162439,20180214162439.jpg,4,8365
25,20180214162444,20180214162444.jpg,5,16771
26,20180214162449,20180214162449.jpg,5,31791
27,20180214162454,20180214162454.jpg,5,90923
28,20180214162505,20180214162505.jpg,6,191740
29,20180214162515,20180214162515.jpg,4,7948
30,20180214162521,20180214162521.jpg,4,0434
31,20180214162526,20180214162526.jpg,5,94267
1 ,20180214162619,20180214162619.jpg,4,3538
2 ,20180214162621,20180214162621.jpg,4,4817
3 ,20180214162623,20180214162623.jpg,6,970496
4 ,20180214162625,20180214162625.jpg,6,842975
5 ,20180214162627,20180214162627.jpg,4,1860
6 ,20180214162631,20180214162631.jpg,4,9603
7 ,20180214162633,20180214162633.jpg,5,49304
8 ,20180214162636,20180214162636.jpg,5,59900
9 ,20180214162641,20180214162641.jpg,6,817564
10,20180214162646,20180214162646.jpg,4,2203
11,20180214162655,20180214162655.jpg,4,5860
12,20180214162658,20180214162658.jpg,6,051583
13,20180214162702,20180214162702.jpg,4,5534
14,20180214162705,20180214162705.jpg,6,109082
15,20180214162708,20180214162708.jpg,4,5471
16,20180214162712,20180214162712.jpg,6,920258
17,20180214162720,20180214162720.jpg,6,119469
18,20180214162724,20180214162724.jpg,5,76634
19,20180214162728,20180214162728.jpg,6,112818
20,20180214162732,20180214162732.jpg,4,4026
21,20180214162740,20180214162740.jpg,4,2295
22,20180214162744,20180214162744.jpg,5,79360
23,20180214162749,20180214162749.jpg,5,02423
24,20180214162754,20180214162754.jpg,5,80372
25,20180214162758,20180214162758.jpg,6,718254
26,20180214162808,20180214162808.jpg,6,303772
27,20180214162813,20180214162813.jpg,4,3566
28,20180214162818,20180214162818.jpg,6,018946
29,20180214162829,20180214162829.jpg,6,503548
30,20180214162835,20180214162835.jpg,6,942656
31,20180214162840,20180214162840.jpg,4,1645
1 ,20180214162933,20180214162933.jpg,4,7664
2 ,20180214162935,20180214162935.jpg,4,3998
3 ,20180214162937,20180214162937.jpg,4,4450
4 ,20180214162940,20180214162940.jpg,4,4716
5 ,20180214162943,20180214162943.jpg,6,684550
6 ,20180214162945,20180214162945.jpg,4,8647
7 ,20180214162947,20180214162947.jpg,5,62028
8 ,20180214162949,20180214162949.jpg,4,5963
9 ,20180214162954,20180214162954.jpg,5,16814
10,20180214162957,20180214162957.jpg,4,3817
11,20180214163000,20180214163000.jpg,6,147707
12,20180214163005,20180214163005.jpg,4,1380
13,20180214163008,20180214163008.jpg,5,94049
14,20180214163012,20180214163012.jpg,6,219680
15,20180214163015,20180214163015.jpg,4,3007
16,20180214163018,20180214163018.jpg,4,9009
17,20180214163021,20180214163021.jpg,4,5374
18,20180214163025,20180214163025.jpg,4,0702
19,20180214163032,20180214163032.jpg,4,3519
20,20180214163036,20180214163036.jpg,5,85318
21,20180214163040,20180214163040.jpg,4,3672
22,20180214163044,20180214163044.jpg,4,0241
23,20180214163048,20180214163048.jpg,6,477373
24,20180214163052,20180214163052.jpg,6,248024
25,20180214163056,20180214163056.jpg,4,6140
26,20180214163101,20180214163101.jpg,6,669782
27,20180214163110,20180214163110.jpg,4,3420
28,20180214163115,20180214163115.jpg,6,559710
29,20180214163124,20180214163124.jpg,4,7577
30,20180214163129,20180214163129.jpg,4,9307
31,20180214163134,20180214163134.jpg,5,63316
32,20180214163140,20180214163140.jpg,6,174105
33,20180214163145,20180214163145.jpg,5,35567
34,20180214163150,20180214163150.jpg,6,786652
1 ,20180214163244,20180214163244.jpg,4,0473
2 ,20180214163246,20180214163246.jpg,6,640214
3 ,20180214163247,20180214163247.jpg,4,8197
4 ,20180214163249,20180214163249.jpg,6,275328
5 ,20180214163251,20180214163251.jpg,6,577319
6 ,20180214163254,20180214163254.jpg,6,079641
7 ,20180214163256,20180214163256.jpg,4,7939
8 ,20180214163300,20180214163300.jpg,4,9099
9 ,20180214163303,20180214163303.jpg,5,08294
10,20180214163305,20180214163305.jpg,6,388848
11,20180214163308,20180214163308.jpg,5,51434
12,20180214163317,20180214163317.jpg,4,9043
13,20180214163320,20180214163320.jpg,6,427328
14,20180214163323,20180214163323.jpg,4,1747
15,20180214163326,20180214163326.jpg,4,7614
16,20180214163330,20180214163330.jpg,5,99230
17,20180214163333,20180214163333.jpg,6,947412
18,20180214163340,20180214163340.jpg,4,9618
19,20180214163344,20180214163344.jpg,6,744569
20,20180214163356,20180214163356.jpg,4,2853
21,20180214163400,20180214163400.jpg,5,79792
22,20180214163405,20180214163405.jpg,6,734591
23,20180214163414,20180214163414.jpg,6,484289
24,20180214163418,20180214163418.jpg,4,2508
25,20180214163423,20180214163423.jpg,4,8129
26,20180214163428,20180214163428.jpg,6,545925
27,20180214163437,20180214163437.jpg,5,56811
28,20180214163443,20180214163443.jpg,4,0640
29,20180214163509,20180214163509.jpg,4,7001
30,20180214163514,20180214163514.jpg,5,41881
31,20180214163526,20180214163526.jpg,5,10651
1 ,20180214163620,20180214163620.jpg,6,904749
2 ,20180214163624,20180214163624.jpg,5,72404
3 ,20180214163626,20180214163626.jpg,4,8965
4 ,20180214163627,20180214163627.jpg,4,1932
5 ,20180214163629,20180214163629.jpg,4,6100
6 ,20180214163634,20180214163634.jpg,5,10665
7 ,20180214163639,20180214163639.jpg,6,075845
8 ,20180214163642,20180214163642.jpg,4,9767
9 ,20180214163648,20180214163648.jpg,6,432974
10,20180214163651,20180214163651.jpg,6,236699
11,20180214163700,20180214163700.jpg,4,9795
12,20180214163704,20180214163704.jpg,6,800561
13,20180214163707,20180214163707.jpg,4,0130
14,20180214163710,20180214163710.jpg,6,522387
15,20180214163718,20180214163718.jpg,6,999916
16,20180214163722,20180214163722.jpg,5,07997
17,20180214163738,20180214163738.jpg,5,52484
18,20180214163742,20180214163742.jpg,4,7801
19,20180214163747,20180214163747.jpg,6,566895
20,20180214163751,20180214163751.jpg,4,1607
21,20180214163756,20180214163756.jpg,6,503419
22,20180214163806,20180214163806.jpg,4,0393
23,20180214163811,20180214163811.jpg,6,376272
24,20180214163816,20180214163816.jpg,5,73465
25,20180214163821,20180214163821.jpg,6,770581
26,20180214163826,20180214163826.jpg,5,91962
27,20180214163832,20180214163832.jpg,4,7474
28,20180214163837,20180214163837.jpg,5,59274
29,20180214163843,20180214163843.jpg,6,603019
1 ,20180214163938,20180214163938.jpg,5,97068
2 ,20180214163939,20180214163939.jpg,4,7835
3 ,20180214163941,20180214163941.jpg,4,1743
4 ,20180214163943,20180214163943.jpg,6,121807
5 ,20180214163946,20180214163946.jpg,4,1595
6 ,20180214163948,20180214163948.jpg,5,14590
7 ,20180214163950,20180214163950.jpg,4,1267
8 ,20180214163953,20180214163953.jpg,4,1167
9 ,20180214163955,20180214163955.jpg,5,23076
10,20180214163958,20180214163958.jpg,4,0551
11,20180214164000,20180214164000.jpg,5,45449
12,20180214164003,20180214164003.jpg,4,9737
13,20180214164006,20180214164006.jpg,6,608543
14,20180214164008,20180214164008.jpg,4,4742
15,20180214164011,20180214164011.jpg,5,90801
16,20180214164015,20180214164015.jpg,6,196537
17,20180214164018,20180214164018.jpg,4,1694
18,20180214164043,20180214164043.jpg,4,0152
19,20180214164058,20180214164058.jpg,4,8184
20,20180214164102,20180214164102.jpg,5,09988
21,20180214164106,20180214164106.jpg,6,941475
22,20180214164110,20180214164110.jpg,4,8420
23,20180214164115,20180214164115.jpg,4,4154
24,20180214164119,20180214164119.jpg,5,30138
25,20180214164123,20180214164123.jpg,4,4836
26,20180214164127,20180214164127.jpg,6,962081
27,20180214164132,20180214164132.jpg,5,93199
28,20180214164137,20180214164137.jpg,6,969160
29,20180214164146,20180214164146.jpg,6,557371
30,20180214164151,20180214164151.jpg,4,2450
31,20180214164156,20180214164156.jpg,4,1636
32,20180214164201,20180214164201.jpg,6,061328
33,20180214164206,20180214164206.jpg,4,7301
34,20180214164212,20180214164212.jpg,5,42970
35,20180214164217,20180214164217.jpg,5,06617
36,20180214164225,20180214164225.jpg,4,8364
37,20180214164231,20180214164231.jpg,6,568278
1 ,20180214164326,20180214164326.jpg,5,37399
2 ,20180214164327,20180214164327.jpg,4,6474
3 ,20180214164329,20180214164329.jpg,5,54438
4 ,20180214164331,20180214164331.jpg,6,871414
5 ,20180214164333,20180214164333.jpg,6,522160
6 ,20180214164335,20180214164335.jpg,4,9149
7 ,20180214164338,20180214164338.jpg,5,28160
8 ,20180214164355,20180214164355.jpg,5,90126
9 ,20180214164358,20180214164358.jpg,4,6780
10,20180214164401,20180214164401.jpg,4,9579
11,20180214164404,20180214164404.jpg,4,7580
12,20180214164407,20180214164407.jpg,4,4857
13,20180214164410,20180214164410.jpg,6,505123
14,20180214164413,20180214164413.jpg,5,13804
15,20180214164417,20180214164417.jpg,5,10170
16,20180214164420,20180214164420.jpg,6,924385
17,20180214164424,20180214164424.jpg,5,66812
18,20180214164427,20180214164427.jpg,5,54375
19,20180214164431,20180214164431.jpg,6,009076
20,20180214164435,20180214164435.jpg,5,03633
21,20180214164440,20180214164440.jpg,4,5272
22,20180214164444,20180214164444.jpg,6,376458
23,20180214164448,20180214164448.jpg,5,37600
24,20180214164453,20180214164453.jpg,5,61412
25,20180214164457,20180214164457.jpg,5,53645
26,20180214164502,20180214164502.jpg,4,5523
27,20180214164511,20180214164511.jpg,5,70263
28,20180214164516,20180214164516.jpg,4,9242
29,20180214164520,20180214164520.jpg,6,028214
30,20180214164530,20180214164530.jpg,6,489374
31,20180214164546,20180214164546.jpg,5,46501
32,20180214164603,20180214164603.jpg,6,698761
33,20180214164609,20180214164609.jpg,6,613770
34,20180214164615,20180214164615.jpg,6,195146
1 ,20180214164711,20180214164711.jpg,6,636572
2 ,20180214164712,20180214164712.jpg,4,3767
3 ,20180214164716,20180214164716.jpg,5,69717
4 ,20180214164718,20180214164718.jpg,6,226342
5 ,20180214164720,20180214164720.jpg,4,4923
6 ,20180214164723,20180214164723.jpg,4,2279
7 ,20180214164725,20180214164725.jpg,5,71442
8 ,20180214164727,20180214164727.jpg,6,397453
9 ,20180214164730,20180214164730.jpg,6,354045
10,20180214164733,20180214164733.jpg,6,760201
11,20180214164735,20180214164735.jpg,6,735427
12,20180214164738,20180214164738.jpg,5,40101
13,20180214164741,20180214164741.jpg,4,0986
14,20180214164744,20180214164744.jpg,4,7404
15,20180214164747,20180214164747.jpg,4,4455
16,20180214164750,20180214164750.jpg,4,6370
17,20180214164753,20180214164753.jpg,5,65355
18,20180214164757,20180214164757.jpg,6,504874
19,20180214164800,20180214164800.jpg,6,851610
20,20180214164804,20180214164804.jpg,6,188462
21,20180214164808,20180214164808.jpg,6,184256
22,20180214164815,20180214164815.jpg,4,9901
23,20180214164819,20180214164819.jpg,6,038518
24,20180214164824,20180214164824.jpg,5,48382
25,20180214164828,20180214164828.jpg,4,5889
26,20180214164832,20180214164832.jpg,5,31382
27,20180214164836,20180214164836.jpg,4,2818
28,20180214164841,20180214164841.jpg,5,34439
29,20180214164845,20180214164845.jpg,6,857607
30,20180214164850,20180214164850.jpg,5,62053
31,20180214164900,20180214164900.jpg,5,30070
32,20180214164905,20180214164905.jpg,6,897948
33,20180214164910,20180214164910.jpg,5,23393
34,20180214164937,20180214164937.jpg,5,21966
35,20180214164943,20180214164943.jpg,5,45767
1 ,20180214165040,20180214165040.jpg,4,2664
2 ,20180214165042,20180214165042.jpg,4,1125
3 ,20180214165044,20180214165044.jpg,6,427402
4 ,20180214165046,20180214165046.jpg,4,3995
5 ,20180214165048,20180214165048.jpg,6,986264
6 ,20180214165050,20180214165050.jpg,5,10644
7 ,20180214165055,20180214165055.jpg,4,6023
8 ,20180214165058,20180214165058.jpg,6,674860
9 ,20180214165100,20180214165100.jpg,4,4431
10,20180214165103,20180214165103.jpg,5,89044
11,20180214165106,20180214165106.jpg,4,4054
12,20180214165109,20180214165109.jpg,6,770057
13,20180214165112,20180214165112.jpg,4,5495
14,20180214165118,20180214165118.jpg,6,998642
15,20180214165121,20180214165121.jpg,4,7605
16,20180214165125,20180214165125.jpg,4,7877
17,20180214165128,20180214165128.jpg,4,4631
18,20180214165132,20180214165132.jpg,6,703710
19,20180214165136,20180214165136.jpg,6,644243
20,20180214165139,20180214165139.jpg,5,55820
21,20180214165147,20180214165147.jpg,5,13233
22,20180214165151,20180214165151.jpg,5,65172
23,20180214165156,20180214165156.jpg,6,691241
24,20180214165204,20180214165204.jpg,4,7948
25,20180214165209,20180214165209.jpg,6,486265
26,20180214165213,20180214165213.jpg,5,31704
27,20180214165223,20180214165223.jpg,6,697758
28,20180214165233,20180214165233.jpg,5,22110
29,20180214165238,20180214165238.jpg,4,7852
30,20180214165243,20180214165243.jpg,4,3585
31,20180214165248,20180214165248.jpg,4,4867
32,20180214165254,20180214165254.jpg,5,01021
33,20180214165259,20180214165259.jpg,6,096283
1 ,20180214165355,20180214165355.jpg,4,5110
2 ,20180214165356,20180214165356.jpg,6,926635
3 ,20180214165358,20180214165358.jpg,5,18967
4 ,20180214165402,20180214165402.jpg,5,49199
5 ,20180214165404,20180214165404.jpg,5,51404
6 ,20180214165407,20180214165407.jpg,5,36644
7 ,20180214165409,20180214165409.jpg,4,2948
8 ,20180214165411,20180214165411.jpg,5,24469
9 ,20180214165414,20180214165414.jpg,4,8437
10,20180214165416,20180214165416.jpg,6,064298
11,20180214165419,20180214165419.jpg,5,31038
12,20180214165422,20180214165422.jpg,5,38204
13,20180214165424,20180214165424.jpg,4,2029
14,20180214165427,20180214165427.jpg,4,7400
15,20180214165430,20180214165430.jpg,5,68946
16,20180214165434,20180214165434.jpg,4,3620
17,20180214165437,20180214165437.jpg,5,41756
18,20180214165444,20180214165444.jpg,5,07722
19,20180214165447,20180214165447.jpg,5,48814
20,20180214165451,20180214165451.jpg,6,167637
21,20180214165455,20180214165455.jpg,5,49359
22,20180214165503,20180214165503.jpg,5,84418
23,20180214165507,20180214165507.jpg,6,450879
24,20180214165516,20180214165516.jpg,6,619028
25,20180214165520,20180214165520.jpg,4,0283
26,20180214165525,20180214165525.jpg,4,5556
27,20180214165529,20180214165529.jpg,6,526758
28,20180214165535,20180214165535.jpg,6,162671
29,20180214165539,20180214165539.jpg,5,86898
30,20180214165544,20180214165544.jpg,6,725455
31,20180214165549,20180214165549.jpg,5,01481
32,20180214165600,20180214165600.jpg,6,664834
33,20180214165611,20180214165611.jpg,6,727044
34,20180214165616,20180214165616.jpg,5,37783
1 ,20180214165714,20180214165714.jpg,4,8081
2 ,20180214165719,20180214165719.jpg,4,3808
3 ,20180214165722,20180214165722.jpg,5,59275
4 ,20180214165724,20180214165724.jpg,4,6175
5 ,20180214165726,20180214165726.jpg,5,79866
6 ,20180214165731,20180214165731.jpg,4,6841
7 ,20180214165736,20180214165736.jpg,5,41134
8 ,20180214165739,20180214165739.jpg,4,8343
9 ,20180214165742,20180214165742.jpg,6,093256
10,20180214165745,20180214165745.jpg,6,500542
11,20180214165748,20180214165748.jpg,4,5409
12,20180214165751,20180214165751.jpg,4,5024
13,20180214165754,20180214165754.jpg,6,069510
14,20180214165757,20180214165757.jpg,5,70936
15,20180214165801,20180214165801.jpg,6,980210
16,20180214165804,20180214165804.jpg,4,5310
17,20180214165808,20180214165808.jpg,5,41000
18,20180214165812,20180214165812.jpg,4,5226
19,20180214165816,20180214165816.jpg,5,04079
20,20180214165819,20180214165819.jpg,4,2279
21,20180214165823,20180214165823.jpg,6,429568
22,20180214165828,20180214165828.jpg,6,769303
23,20180214165832,20180214165832.jpg,4,4594
24,20180214165836,20180214165836.jpg,5,00891
25,20180214165840,20180214165840.jpg,4,1467
26,20180214165845,20180214165845.jpg,4,7955
27,20180214165850,20180214165850.jpg,5,84824
28,20180214165854,20180214165854.jpg,4,7470
29,20180214165859,20180214165859.jpg,6,359293
30,20180214165904,20180214165904.jpg,5,37725
31,20180214165909,20180214165909.jpg,4,5319
32,20180214165914,20180214165914.jpg,4,4793
33,20180214165919,20180214165919.jpg,6,537681
34,20180214165930,20180214165930.jpg,5,36722
35,20180214165946,20180214165946.jpg,4,8399
1 ,20180214170042,20180214170042.jpg,4,4790
2 ,20180214170044,20180214170044.jpg,4,5141
3 ,20180214170046,20180214170046.jpg,6,442076
4 ,20180214170048,20180214170048.jpg,6,748314
5 ,20180214170049,20180214170049.jpg,4,1029
6 ,20180214170052,20180214170052.jpg,4,3149
7 ,20180214170054,20180214170054.jpg,4,7114
8 ,20180214170056,20180214170056.jpg,4,1172
9 ,20180214170058,20180214170058.jpg,4,6024
10,20180214170101,20180214170101.jpg,4,4209
11,20180214170103,20180214170103.jpg,4,7057
12,20180214170106,20180214170106.jpg,6,494300
13,20180214170108,20180214170108.jpg,4,4086
14,20180214170111,20180214170111.jpg,6,423122
15,20180214170114,20180214170114.jpg,4,2162
16,20180214170117,20180214170117.jpg,4,8953
17,20180214170127,20180214170127.jpg,4,9928
18,20180214170130,20180214170130.jpg,4,7133
19,20180214170134,20180214170134.jpg,6,152876
20,20180214170138,20180214170138.jpg,4,2326
21,20180214170141,20180214170141.jpg,4,5499
22,20180214170145,20180214170145.jpg,6,660797
23,20180214170149,20180214170149.jpg,4,2342
24,20180214170153,20180214170153.jpg,5,31760
25,20180214170157,20180214170157.jpg,4,0723
26,20180214170201,20180214170201.jpg,6,904290
27,20180214170206,20180214170206.jpg,4,4971
28,20180214170210,20180214170210.jpg,5,02263
29,20180214170214,20180214170214.jpg,5,90744
30,20180214170224,20180214170224.jpg,5,38520
31,20180214170234,20180214170234.jpg,5,45402
32,20180214170244,20180214170244.jpg,6,167276
33,20180214170249,20180214170249.jpg,5,31095
34,20180214170255,20180214170255.jpg,5,32612
35,20180214170310,20180214170310.jpg,6,931949
1 ,20180214170408,20180214170408.jpg,6,509050
2 ,20180214170409,20180214170409.jpg,4,6285
3 ,20180214170411,20180214170411.jpg,6,293017
4 ,20180214170413,20180214170413.jpg,4,1500
5 ,20180214170419,20180214170419.jpg,4,5480
6 ,20180214170427,20180214170427.jpg,6,859086
7 ,20180214170429,20180214170429.jpg,5,04839
8 ,20180214170432,20180214170432.jpg,6,084435
9 ,20180214170438,20180214170438.jpg,6,922647
10,20180214170441,20180214170441.jpg,5,58075
11,20180214170448,20180214170448.jpg,6,777016
12,20180214170451,20180214170451.jpg,4,2556
13,20180214170454,20180214170454.jpg,4,8477
14,20180214170458,20180214170458.jpg,5,44552
15,20180214170505,20180214170505.jpg,6,699978
16,20180214170509,20180214170509.jpg,5,73980
17,20180214170517,20180214170517.jpg,5,22617
18,20180214170521,20180214170521.jpg,5,24023
19,20180214170526,20180214170526.jpg,5,68154
20,20180214170530,20180214170530.jpg,6,981573
21,20180214170534,20180214170534.jpg,5,75810
22,20180214170539,20180214170539.jpg,5,67223
23,20180214170549,20180214170549.jpg,5,78966
24,20180214170554,20180214170554.jpg,5,85932
25,20180214170558,20180214170558.jpg,4,4173
26,20180214170603,20180214170603.jpg,4,8197
27,20180214170609,20180214170609.jpg,5,04227
28,20180214170614,20180214170614.jpg,4,1522
29,20180214170619,20180214170619.jpg,6,961276
30,20180214170625,20180214170625.jpg,6,969786
1 ,20180214170727,20180214170727.jpg,5,12774
2 ,20180214170729,20180214170729.jpg,4,2985
3 ,20180214170731,20180214170731.jpg,5,33355
4 ,20180214170734,20180214170734.jpg,6,332501
5 ,20180214170737,20180214170737.jpg,5,64429
6 ,20180214170739,20180214170739.jpg,5,59436
7 ,20180214170741,20180214170741.jpg,4,3788
8 ,20180214170744,20180214170744.jpg,6,910735
9 ,20180214170746,20180214170746.jpg,5,88897
10,20180214170754,20180214170754.jpg,5,55835
11,20180214170757,20180214170757.jpg,6,876525
12,20180214170800,20180214170800.jpg,5,54079
13,20180214170803,20180214170803.jpg,4,5345
14,20180214170810,20180214170810.jpg,4,7277
15,20180214170813,20180214170813.jpg,4,8518
16,20180214170816,20180214170816.jpg,5,27582
17,20180214170820,20180214170820.jpg,6,644010
18,20180214170824,20180214170824.jpg,5,38465
19,20180214170828,20180214170828.jpg,5,11423
20,20180214170832,20180214170832.jpg,6,209377
21,20180214170836,20180214170836.jpg,4,9083
22,20180214170844,20180214170844.jpg,6,402285
23,20180214170848,20180214170848.jpg,5,64774
24,20180214170853,20180214170853.jpg,4,7888
25,20180214170902,20180214170902.jpg,5,82206
26,20180214170907,20180214170907.jpg,4,0188
27,20180214170911,20180214170911.jpg,6,918459
28,20180214170916,20180214170916.jpg,6,664282
29,20180214170921,20180214170921.jpg,6,022114
30,20180214170926,20180214170926.jpg,4,9174
31,20180214170932,20180214170932.jpg,5,23218
32,20180214170937,20180214170937.jpg,5,92992
33,20180214170948,20180214170948.jpg,4,4500
1 ,20180214171053,20180214171053.jpg,6,466942
2 ,20180214171055,20180214171055.jpg,6,073147
3 ,20180214171057,20180214171057.jpg,5,01392
4 ,20180214171059,20180214171059.jpg,4,7761
5 ,20180214171103,20180214171103.jpg,6,807032
6 ,20180214171106,20180214171106.jpg,5,12988
7 ,20180214171108,20180214171108.jpg,5,96250
8 ,20180214171111,20180214171111.jpg,4,7868
9 ,20180214171113,20180214171113.jpg,4,4814
10,20180214171116,20180214171116.jpg,5,17364
11,20180214171125,20180214171125.jpg,6,158175
12,20180214171135,20180214171135.jpg,6,824980
13,20180214171138,20180214171138.jpg,4,8622
14,20180214171142,20180214171142.jpg,5,91518
15,20180214171145,20180214171145.jpg,5,76670
16,20180214171149,20180214171149.jpg,5,82830
17,20180214171153,20180214171153.jpg,5,08515
18,20180214171157,20180214171157.jpg,6,209256
19,20180214171201,20180214171201.jpg,5,72823
20,20180214171206,20180214171206.jpg,6,904613
21,20180214171210,20180214171210.jpg,6,099792
22,20180214171214,20180214171214.jpg,6,121425
23,20180214171219,20180214171219.jpg,5,57732
24,20180214171223,20180214171223.jpg,5,52961
25,20180214171228,20180214171228.jpg,6,306143
26,20180214171238,20180214171238.jpg,4,7092
27,20180214171243,20180214171243.jpg,5,56411
28,20180214171253,20180214171253.jpg,6,794317
29,20180214171258,20180214171258.jpg,6,095161
30,20180214171304,20180214171304.jpg,5,20135
1 ,20180214171423,20180214171423.jpg,6,857101
2 ,20180214171425,20180214171425.jpg,6,445532
3 ,20180214171427,20180214171427.jpg,6,409472
4 ,20180214171429,20180214171429.jpg,4,9138
5 ,20180214171431,20180214171431.jpg,4,3818
6 ,20180214171435,20180214171435.jpg,5,30553
7 ,20180214171437,20180214171437.jpg,5,43661
8 ,20180214171440,20180214171440.jpg,4,7519
9 ,20180214171445,20180214171445.jpg,5,19733
10,20180214171447,20180214171447.jpg,4,6807
11,20180214171450,20180214171450.jpg,4,1097
12,20180214171456,20180214171456.jpg,5,94057
13,20180214171459,20180214171459.jpg,5,79960
14,20180214171502,20180214171502.jpg,4,4113
15,20180214171505,20180214171505.jpg,4,5823
16,20180214171509,20180214171509.jpg,4,5174
17,20180214171513,20180214171513.jpg,4,4649
18,20180214171517,20180214171517.jpg,4,9720
19,20180214171521,20180214171521.jpg,5,65405
20,20180214171545,20180214171545.jpg,4,4745
21,20180214171550,20180214171550.jpg,5,46823
22,20180214171559,20180214171559.jpg,5,72015
23,20180214171604,20180214171604.jpg,5,67273
24,20180214171609,20180214171609.jpg,5,96815
25,20180214171615,20180214171615.jpg,4,3146
26,20180214171621,20180214171621.jpg,5,12919
27,20180214171627,20180214171627.jpg,5,73135
28,20180214171633,20180214171633.jpg,6,165943
29,20180214171644,20180214171644.jpg,6,112116
30,20180214171650,20180214171650.jpg,4,3687
1 ,20180214171750,20180214171750.jpg,5,36922
2 ,20180214171752,20180214171752.jpg,4,6061
3 ,20180214171754,20180214171754.jpg,6,509402
4 ,20180214171755,20180214171755.jpg,4,3170
5 ,20180214171758,20180214171758.jpg,6,307570
6 ,20180214171800,20180214171800.jpg,4,7898
7 ,20180214171804,20180214171804.jpg,4,0144
8 ,20180214171810,20180214171810.jpg,4,1762
9 ,20180214171818,20180214171818.jpg,6,792335
10,20180214171821,20180214171821.jpg,4,0264
11,20180214171824,20180214171824.jpg,5,19228
12,20180214171828,20180214171828.jpg,5,74460
13,20180214171831,20180214171831.jpg,4,2231
14,20180214171834,20180214171834.jpg,5,47414
15,20180214171838,20180214171838.jpg,4,1960
16,20180214171841,20180214171841.jpg,6,638025
17,20180214171845,20180214171845.jpg,5,72019
18,20180214171853,20180214171853.jpg,4,9779
19,20180214171857,20180214171857.jpg,5,64788
20,20180214171901,20180214171901.jpg,4,6369
21,20180214171910,20180214171910.jpg,5,39015
22,20180214171918,20180214171918.jpg,5,03279
23,20180214171923,20180214171923.jpg,4,7929
24,20180214171927,20180214171927.jpg,4,1915
25,20180214171932,20180214171932.jpg,5,30130
26,20180214171937,20180214171937.jpg,6,749267
27,20180214171942,20180214171942.jpg,6,854948
28,20180214171947,20180214171947.jpg,4,0107
29,20180214171952,20180214171952.jpg,5,02248
30,20180214171957,20180214171957.jpg,4,3370
31,20180214172002,20180214172002.jpg,6,077922
32,20180214172014,20180214172014.jpg,5,94217
33,20180214172019,20180214172019.jpg,4,6189
1 ,20180214172118,20180214172118.jpg,5,45848
2 ,20180214172119,20180214172119.jpg,4,6943
3 ,20180214172121,20180214172121.jpg,4,7772
4 ,20180214172127,20180214172127.jpg,4,9772
5 ,20180214172129,20180214172129.jpg,5,35313
6 ,20180214172131,20180214172131.jpg,4,4618
7 ,20180214172134,20180214172134.jpg,4,8314
8 ,20180214172136,20180214172136.jpg,4,8507
9 ,20180214172139,20180214172139.jpg,5,05740
10,20180214172141,20180214172141.jpg,4,4829
11,20180214172144,20180214172144.jpg,6,454749
12,20180214172153,20180214172153.jpg,5,10278
13,20180214172156,20180214172156.jpg,6,235009
14,20180214172159,20180214172159.jpg,4,7404
15,20180214172203,20180214172203.jpg,4,9332
16,20180214172209,20180214172209.jpg,4,4508
17,20180214172213,20180214172213.jpg,6,359331
18,20180214172218,20180214172218.jpg,6,320175
19,20180214172221,20180214172221.jpg,4,8987
20,20180214172225,20180214172225.jpg,5,31952
21,20180214172229,20180214172229.jpg,5,55516
22,20180214172238,20180214172238.jpg,4,6109
23,20180214172242,20180214172242.jpg,6,232208
24,20180214172246,20180214172246.jpg,4,8163
25,20180214172301,20180214172301.jpg,6,855514
26,20180214172305,20180214172305.jpg,6,001976
27,20180214172310,20180214172310.jpg,5,55426
28,20180214172315,20180214172315.jpg,6,483645
29,20180214172321,20180214172321.jpg,6,743166
30,20180214172326,20180214172326.jpg,6,926882
31,20180214172332,20180214172332.jpg,6,289594
32,20180214172337,20180214172337.jpg,4,0418
1 ,20180214172437,20180214172437.jpg,6,772858
2 ,20180214172440,20180214172440.jpg,5,23321
3 ,20180214172442,20180214172442.jpg,6,362261
4 ,20180214172444,20180214172444.jpg,4,8467
5 ,20180214172446,20180214172446.jpg,6,675706
6 ,20180214172451,20180214172451.jpg,5,31149
7 ,20180214172453,20180214172453.jpg,6,582926
8 ,20180214172458,20180214172458.jpg,5,94688
9 ,20180214172501,20180214172501.jpg,5,80170
10,20180214172504,20180214172504.jpg,4,5546
11,20180214172507,20180214172507.jpg,4,6913
12,20180214172510,20180214172510.jpg,4,1715
13,20180214172513,20180214172513.jpg,4,8574
14,20180214172523,20180214172523.jpg,4,6295
15,20180214172526,20180214172526.jpg,6,746500
16,20180214172530,20180214172530.jpg,4,6627
17,20180214172533,20180214172533.jpg,4,9724
18,20180214172541,20180214172541.jpg,4,4760
19,20180214172545,20180214172545.jpg,6,117775
20,20180214172549,20180214172549.jpg,4,1963
21,20180214172602,20180214172602.jpg,4,4436
22,20180214172606,20180214172606.jpg,5,11490
23,20180214172610,20180214172610.jpg,4,5955
24,20180214172615,20180214172615.jpg,4,3304
25,20180214172620,20180214172620.jpg,6,620221
26,20180214172625,20180214172625.jpg,5,11790
27,20180214172630,20180214172630.jpg,4,6553
28,20180214172635,20180214172635.jpg,4,2398
29,20180214172656,20180214172656.jpg,6,393077
30,20180214172702,20180214172702.jpg,6,216412
1 ,20180214172805,20180214172805.jpg,4,3456
2 ,20180214172807,20180214172807.jpg,5,20977
3 ,20180214172809,20180214172809.jpg,4,6688
4 ,20180214172811,20180214172811.jpg,4,9385
5 ,20180214172813,20180214172813.jpg,4,1649
6 ,20180214172815,20180214172815.jpg,4,9580
7 ,20180214172817,20180214172817.jpg,4,9500
8 ,20180214172820,20180214172820.jpg,4,6076
9 ,20180214172825,20180214172825.jpg,6,577181
10,20180214172831,20180214172831.jpg,5,84932
11,20180214172834,20180214172834.jpg,6,663232
12,20180214172837,20180214172837.jpg,5,88877
13,20180214172840,20180214172840.jpg,4,9349
14,20180214172843,20180214172843.jpg,5,49099
15,20180214172847,20180214172847.jpg,4,2009
16,20180214172850,20180214172850.jpg,5,08931
17,20180214172854,20180214172854.jpg,4,1471
18,20180214172857,20180214172857.jpg,4,6301
19,20180214172901,20180214172901.jpg,5,85456
20,20180214172912,20180214172912.jpg,4,9755
21,20180214172917,20180214172917.jpg,5,33818
22,20180214172921,20180214172921.jpg,4,2978
23,20180214172925,20180214172925.jpg,5,54499
24,20180214172929,20180214172929.jpg,4,0568
25,20180214172934,20180214172934.jpg,6,838357
26,20180214172943,20180214172943.jpg,5,82719
27,20180214172958,20180214172958.jpg,5,89502
28,20180214173004,20180214173004.jpg,6,960322
29,20180214173014,20180214173014.jpg,5,50341
1 ,20180214173120,20180214173120.jpg,5,69773
2 ,20180214173121,20180214173121.jpg,6,132735
3 ,20180214173125,20180214173125.jpg,5,80841
4 ,20180214173127,20180214173127.jpg,5,72917
5 ,20180214173129,20180214173129.jpg,5,44346
6 ,20180214173132,20180214173132.jpg,6,611912
7 ,20180214173134,20180214173134.jpg,5,31093
8 ,20180214173136,20180214173136.jpg,5,77144
9 ,20180214173139,20180214173139.jpg,4,9617
10,20180214173141,20180214173141.jpg,4,7252
11,20180214173147,20180214173147.jpg,5,33922
12,20180214173150,20180214173150.jpg,4,6124
13,20180214173153,20180214173153.jpg,4,7850
14,20180214173156,20180214173156.jpg,6,885831
15,20180214173159,20180214173159.jpg,6,336611
16,20180214173206,20180214173206.jpg,4,8591
17,20180214173213,20180214173213.jpg,6,521978
18,20180214173217,20180214173217.jpg,4,2860
19,20180214173221,20180214173221.jpg,5,03592
20,20180214173224,20180214173224.jpg,4,5973
21,20180214173228,20180214173228.jpg,5,12999
22,20180214173232,20180214173232.jpg,4,5807
23,20180214173246,20180214173246.jpg,5,76447
24,20180214173250,20180214173250.jpg,5,54564
25,20180214173255,20180214173255.jpg,5,67563
26,20180214173300,20180214173300.jpg,4,8211
27,20180214173309,20180214173309.jpg,4,7942
28,20180214173314,20180214173314.jpg,5,26070
29,20180214173324,20180214173324.jpg,4,6855
30,20180214173329,20180214173329.jpg,6,903995
31,20180214173340,20180214173340.jpg,6,434696
32,20180214173352,20180214173352.jpg,4,3055
1 ,20180214173452,20180214173452.jpg,4,4422
2 ,20180214173453,20180214173453.jpg,5,91164
3 ,20180214173455,20180214173455.jpg,5,14287
4 ,20180214173457,20180214173457.jpg,5,22203
5 ,20180214173459,20180214173459.jpg,5,00017
6 ,20180214173501,20180214173501.jpg,4,1116
7 ,20180214173506,20180214173506.jpg,4,5410
8 ,20180214173508,20180214173508.jpg,4,2911
9 ,20180214173510,20180214173510.jpg,4,5870
10,20180214173513,20180214173513.jpg,5,05258
11,20180214173519,20180214173519.jpg,4,4272
12,20180214173522,20180214173522.jpg,6,087333
13,20180214173525,20180214173525.jpg,6,807517
14,20180214173531,20180214173531.jpg,5,38881
15,20180214173538,20180214173538.jpg,6,225850
16,20180214173541,20180214173541.jpg,5,29799
17,20180214173545,20180214173545.jpg,6,171684
18,20180214173552,20180214173552.jpg,4,5429
19,20180214173556,20180214173556.jpg,4,1988
20,20180214173600,20180214173600.jpg,5,99011
21,20180214173603,20180214173603.jpg,5,78370
22,20180214173608,20180214173608.jpg,4,9144
23,20180214173612,20180214173612.jpg,4,7939
24,20180214173616,20180214173616.jpg,6,507226
25,20180214173620,20180214173620.jpg,6,401390
26,20180214173625,20180214173625.jpg,4,3479
27,20180214173630,20180214173630.jpg,6,574774
28,20180214173634,20180214173634.jpg,4,2271
29,20180214173639,20180214173639.jpg,4,8025
30,20180214173705,20180214173705.jpg,5,42810
31,20180214173715,20180214173715.jpg,4,1968
32,20180214173727,20180214173727.jpg,4,6710
1 ,20180214173827,20180214173827.jpg,4,5491
2 ,20180214173829,20180214173829.jpg,5,20794
3 ,20180214173833,20180214173833.jpg,4,9880
4 ,20180214173836,20180214173836.jpg,4,7033
5 ,20180214173838,20180214173838.jpg,6,549534
6 ,20180214173841,20180214173841.jpg,6,856572
7 ,20180214173843,20180214173843.jpg,5,21687
8 ,20180214173845,20180214173845.jpg,5,57035
9 ,20180214173848,20180214173848.jpg,4,7001
10,20180214173854,20180214173854.jpg,6,773883
11,20180214173859,20180214173859.jpg,4,3876
12,20180214173905,20180214173905.jpg,5,16925
13,20180214173908,20180214173908.jpg,4,5135
14,20180214173911,20180214173911.jpg,5,13172
15,20180214173915,20180214173915.jpg,6,222873
16,20180214173918,20180214173918.jpg,4,0329
17,20180214173929,20180214173929.jpg,4,1895
18,20180214173933,20180214173933.jpg,5,43484
19,20180214173941,20180214173941.jpg,5,51239
20,20180214173945,20180214173945.jpg,4,8639
21,20180214173959,20180214173959.jpg,6,745547
22,20180214174004,20180214174004.jpg,6,990228
23,20180214174008,20180214174008.jpg,4,3595
24,20180214174013,20180214174013.jpg,5,87592
25,20180214174022,20180214174022.jpg,4,1269
26,20180214174038,20180214174038.jpg,6,705802
27,20180214174049,20180214174049.jpg,4,6976
28,20180214174055,20180214174055.jpg,5,84282
1 ,20180214174157,20180214174157.jpg,4,1613
2 ,20180214174158,20180214174158.jpg,6,172579
3 ,20180214174200,20180214174200.jpg,5,33897
4 ,20180214174202,20180214174202.jpg,6,196472
5 ,20180214174204,20180214174204.jpg,4,5369
6 ,20180214174207,20180214174207.jpg,4,6907
7 ,20180214174209,20180214174209.jpg,4,3012
8 ,20180214174211,20180214174211.jpg,4,9333
9 ,20180214174214,20180214174214.jpg,5,37934
10,20180214174216,20180214174216.jpg,6,686528
11,20180214174222,20180214174222.jpg,5,76778
12,20180214174225,20180214174225.jpg,5,77864
13,20180214174234,20180214174234.jpg,4,4479
14,20180214174241,20180214174241.jpg,6,244449
15,20180214174244,20180214174244.jpg,5,63412
16,20180214174247,20180214174247.jpg,4,7132
17,20180214174251,20180214174251.jpg,5,26693
18,20180214174255,20180214174255.jpg,4,8743
19,20180214174259,20180214174259.jpg,4,4513
20,20180214174303,20180214174303.jpg,4,8163
21,20180214174307,20180214174307.jpg,5,28708
22,20180214174311,20180214174311.jpg,6,884028
23,20180214174316,20180214174316.jpg,5,85781
24,20180214174320,20180214174320.jpg,6,955443
25,20180214174329,20180214174329.jpg,4,0750
26,20180214174339,20180214174339.jpg,4,8760
27,20180214174343,20180214174343.jpg,6,418260
28,20180214174348,20180214174348.jpg,4,4397
29,20180214174353,20180214174353.jpg,6,473763
30,20180214174359,20180214174359.jpg,5,46347
31,20180214174409,20180214174409.jpg,6,944239
32,20180214174415,20180214174415.jpg,5,02611
1 ,20180214174526,20180214174526.jpg,5,19045
2 ,20180214174528,20180214174528.jpg,6,153486
3 ,20180214174530,20180214174530.jpg,4,6260
4 ,20180214174532,20180214174532.jpg,6,458191
5 ,20180214174534,20180214174534.jpg,6,763480
6 ,20180214174536,20180214174536.jpg,6,530710
7 ,20180214174541,20180214174541.jpg,5,20277
8 ,20180214174544,20180214174544.jpg,5,88737
9 ,20180214174547,20180214174547.jpg,6,460542
10,20180214174550,20180214174550.jpg,6,404605
11,20180214174556,20180214174556.jpg,4,8776
12,20180214174559,20180214174559.jpg,4,4909
13,20180214174602,20180214174602.jpg,6,645629
14,20180214174605,20180214174605.jpg,4,5118
15,20180214174616,20180214174616.jpg,4,0244
16,20180214174619,20180214174619.jpg,5,70259
17,20180214174627,20180214174627.jpg,4,7546
18,20180214174631,20180214174631.jpg,4,1856
19,20180214174635,20180214174635.jpg,5,66146
20,20180214174644,20180214174644.jpg,6,162184
21,20180214174657,20180214174657.jpg,5,02155
22,20180214174702,20180214174702.jpg,6,863325
23,20180214174707,20180214174707.jpg,5,34381
24,20180214174717,20180214174717.jpg,6,117257
25,20180214174733,20180214174733.jpg,6,851412
26,20180214174739,20180214174739.jpg,5,42884
27,20180214174744,20180214174744.jpg,5,13572
28,20180214174750,20180214174750.jpg,4,8128
1 ,20180214174855,20180214174855.jpg,5,45797
2 ,20180214174857,20180214174857.jpg,4,4987
3 ,20180214174859,20180214174859.jpg,4,1900
4 ,20180214174901,20180214174901.jpg,5,20304
5 ,20180214174903,20180214174903.jpg,4,6256
6 ,20180214174905,20180214174905.jpg,5,75241
7 ,20180214174908,20180214174908.jpg,5,93490
8 ,20180214174910,20180214174910.jpg,4,7898
9 ,20180214174915,20180214174915.jpg,4,0408
10,20180214174918,20180214174918.jpg,4,7935
11,20180214174921,20180214174921.jpg,4,3849
12,20180214174924,20180214174924.jpg,6,519416
13,20180214174927,20180214174927.jpg,6,367133
14,20180214174930,20180214174930.jpg,5,58120
15,20180214174937,20180214174937.jpg,5,70906
16,20180214174940,20180214174940.jpg,6,417029
17,20180214174944,20180214174944.jpg,5,47007
18,20180214174948,20180214174948.jpg,6,953891
19,20180214174951,20180214174951.jpg,6,374678
20,20180214175004,20180214175004.jpg,6,988946
21,20180214175008,20180214175008.jpg,4,2820
22,20180214175012,20180214175012.jpg,5,05508
23,20180214175016,20180214175016.jpg,4,5826
24,20180214175021,20180214175021.jpg,5,96649
25,20180214175026,20180214175026.jpg,5,24360
26,20180214175030,20180214175030.jpg,4,9117
27,20180214175035,20180214175035.jpg,4,2317
28,20180214175039,20180214175039.jpg,5,04018
29,20180214175044,20180214175044.jpg,6,273578
30,20180214175049,20180214175049.jpg,5,95755
31,20180214175055,20180214175055.jpg,4,9724
32,20180214175100,20180214175100.jpg,4,7404
33,20180214175111,20180214175111.jpg,5,55014
34,20180214175117,20180214175117.jpg,6,180180
1 ,20180214175219,20180214175219.jpg,6,715988
2 ,20180214175220,20180214175220.jpg,6,719658
3 ,20180214175222,20180214175222.jpg,4,5524
4 ,20180214175224,20180214175224.jpg,5,13572
5 ,20180214175226,20180214175226.jpg,4,5793
6 ,20180214175228,20180214175228.jpg,4,6554
7 ,20180214175230,20180214175230.jpg,5,56632
8 ,20180214175232,20180214175232.jpg,5,98983
9 ,20180214175235,20180214175235.jpg,4,0695
10,20180214175237,20180214175237.jpg,4,0497
11,20180214175240,20180214175240.jpg,6,256622
12,20180214175242,20180214175242.jpg,4,8720
13,20180214175248,20180214175248.jpg,6,247817
14,20180214175251,20180214175251.jpg,5,06460
15,20180214175254,20180214175254.jpg,5,09632
16,20180214175257,20180214175257.jpg,5,42964
17,20180214175300,20180214175300.jpg,4,1712
18,20180214175307,20180214175307.jpg,5,65379
19,20180214175311,20180214175311.jpg,4,5397
20,20180214175326,20180214175326.jpg,6,581059
21,20180214175330,20180214175330.jpg,5,24586
22,20180214175334,20180214175334.jpg,4,4374
23,20180214175339,20180214175339.jpg,5,79278
24,20180214175347,20180214175347.jpg,4,3217
25,20180214175352,20180214175352.jpg,5,04592
26,20180214175357,20180214175357.jpg,5,00018
27,20180214175401,20180214175401.jpg,5,50249
28,20180214175406,20180214175406.jpg,5,10783
29,20180214175411,20180214175411.jpg,6,204001
30,20180214175417,20180214175417.jpg,6,427696
31,20180214175422,20180214175422.jpg,4,0785
32,20180214175438,20180214175438.jpg,6,417660
33,20180214175444,20180214175444.jpg,4,0051
1 ,20180308102310,20180308102310.jpg,5,92943
1 ,20180308102415,20180308102415.jpg,4,5859
1 ,20180308103013,20180308103013.jpg,6,768649
1 ,20180308103121,20180308103121.jpg,5,64160
1 ,20180308103223,20180308103223.jpg,4,5949
1 ,20180308103544,20180308103544.jpg,5,82393
1 ,20180308103651,20180308103651.jpg,5,25292
1 ,20180308103753,20180308103753.jpg,5,74376
1 ,20180308103853,20180308103853.jpg,4,3433
1 ,20180308103956,20180308103956.jpg,5,85967
1 ,20180308104055,20180308104055.jpg,6,887656
1 ,20180308104153,20180308104153.jpg,4,4154
1 ,20180308104251,20180308104251.jpg,5,80132
1 ,20180308104349,20180308104349.jpg,5,06435
1 ,20180308104446,20180308104446.jpg,4,6317
1 ,20180308104547,20180308104547.jpg,6,365401
1 ,20180308104644,20180308104644.jpg,5,96333
1 ,20180308104742,20180308104742.jpg,4,6504
1 ,20180308104842,20180308104842.jpg,5,34621
1 ,20180308104939,20180308104939.jpg,5,15976
1 ,20180308105037,20180308105037.jpg,5,49016
1 ,20180308105134,20180308105134.jpg,5,91876
1 ,20180308105234,20180308105234.jpg,4,2638
1 ,20180308105332,20180308105332.jpg,6,064647
1 ,20180308105432,20180308105432.jpg,6,159333
1 ,20180308105529,20180308105529.jpg,6,070120
1 ,20180308105627,20180308105627.jpg,4,4004
1 ,20180308105723,20180308105723.jpg,4,7780
1 ,20180308105820,20180308105820.jpg,4,5806
1 ,20180308105917,20180308105917.jpg,6,954209
1 ,20180308110015,20180308110015.jpg,5,21512
1 ,20180308110114,20180308110114.jpg,5,30629
1 ,20180308110212,20180308110212.jpg,6,045455
1 ,20180308110311,20180308110311.jpg,4,4394
1 ,20180308110407,20180308110407.jpg,6,247722
1 ,20180308110504,20180308110504.jpg,4,5863
1 ,20180308110603,20180308110603.jpg,4,4262
1 ,20180308110702,20180308110702.jpg,4,6791
1 ,20180308110800,20180308110800.jpg,4,2976
1 ,20180308110859,20180308110859.jpg,5,86063
1 ,20180308110957,20180308110957.jpg,6,882733
1 ,20180308111056,20180308111056.jpg,4,0875
1 ,20180308111153,20180308111153.jpg,6,275609
1 ,20180308111250,20180308111250.jpg,4,4845
1 ,20180308111348,20180308111348.jpg,6,418939
1 ,20180308111446,20180308111446.jpg,5,34267
1 ,20180308111545,20180308111545.jpg,4,7295
1 ,20180308111643,20180308111643.jpg,4,2249
1 ,20180308111742,20180308111742.jpg,5,39341
1 ,20180308111841,20180308111841.jpg,4,4527
1 ,20180308111940,20180308111940.jpg,4,2727
1 ,20180308112038,20180308112038.jpg,4,8077
1 ,20180308112137,20180308112137.jpg,4,0310
1 ,20180308112235,20180308112235.jpg,6,731047
1 ,20180308112334,20180308112334.jpg,5,52672
1 ,20180308112433,20180308112433.jpg,4,2098
1 ,20180308112531,20180308112531.jpg,5,24249
1 ,20180308112627,20180308112627.jpg,4,7024
1 ,20180308112724,20180308112724.jpg,4,9378
1 ,20180308112822,20180308112822.jpg,4,5520
1 ,20180308112920,20180308112920.jpg,5,80277
1 ,20180308113022,20180308113022.jpg,4,7982
1 ,20180308113120,20180308113120.jpg,4,4100
1 ,20180308113217,20180308113217.jpg,5,22624
1 ,20180308113314,20180308113314.jpg,6,966580
1 ,20180308113412,20180308113412.jpg,5,12489
1 ,20180308113509,20180308113509.jpg,6,067392
1 ,20180308113606,20180308113606.jpg,6,461929
1 ,20180308113702,20180308113702.jpg,4,4888
1 ,20180308113759,20180308113759.jpg,4,4837
1 ,20180308113856,20180308113856.jpg,4,3994
1 ,20180308113954,20180308113954.jpg,6,312499
1 ,20180308114052,20180308114052.jpg,4,4122
1 ,20180308114150,20180308114150.jpg,6,381750
1 ,20180308114252,20180308114252.jpg,4,7486
1 ,20180308114351,20180308114351.jpg,5,97741
1 ,20180308114450,20180308114450.jpg,5,70044
1 ,20180308114548,20180308114548.jpg,6,428425
1 ,20180308114645,20180308114645.jpg,5,72208
1 ,20180308114743,20180308114743.jpg,4,0479
1 ,20180308114841,20180308114841.jpg,6,244574
1 ,20180308114939,20180308114939.jpg,6,790163
1 ,20180308115037,20180308115037.jpg,4,3182
1 ,20180308115137,20180308115137.jpg,4,3592
1 ,20180308115236,20180308115236.jpg,5,99743
1 ,20180308115334,20180308115334.jpg,5,95785
1 ,20180308115431,20180308115431.jpg,4,9560
1 ,20180308115529,20180308115529.jpg,4,3553
1 ,20180308115627,20180308115627.jpg,4,5052
1 ,20180308115725,20180308115725.jpg,5,29970
1 ,20180308115825,20180308115825.jpg,6,936195
1 ,20180308115922,20180308115922.jpg,6,065335
1 ,20180308120020,20180308120020.jpg,6,777450
1 ,20180308120120,20180308120120.jpg,4,3409
1 ,20180308120217,20180308120217.jpg,4,3466
1 ,20180308120317,20180308120317.jpg,5,89035
1 ,20180308120413,20180308120413.jpg,4,1035
1 ,20180308120510,20180308120510.jpg,6,284819
1 ,20180308120609,20180308120609.jpg,6,367057
1 ,20180308120706,20180308120706.jpg,4,5175
1 ,20180308120804,20180308120804.jpg,5,35720
1 ,20180308120901,20180308120901.jpg,6,479160
1 ,20180308120959,20180308120959.jpg,4,1870
1 ,20180308121058,20180308121058.jpg,4,6357
1 ,20180308121157,20180308121157.jpg,5,79605
1 ,20180308121256,20180308121256.jpg,6,821978
1 ,20180308121354,20180308121354.jpg,4,1382
1 ,20180308121455,20180308121455.jpg,5,77466
1 ,20180308121555,20180308121555.jpg,5,63874
1 ,20180308121652,20180308121652.jpg,6,752349
1 ,20180308121749,20180308121749.jpg,6,017745
1 ,20180308121846,20180308121846.jpg,4,3421
1 ,20180308121943,20180308121943.jpg,6,192201
1 ,20180308122042,20180308122042.jpg,6,327623
1 ,20180308122140,20180308122140.jpg,4,1042
1 ,20180308122237,20180308122237.jpg,6,511270
1 ,20180308122335,20180308122335.jpg,4,7865
1 ,20180308122433,20180308122433.jpg,4,2166
1 ,20180308122534,20180308122534.jpg,4,0459
1 ,20180308122630,20180308122630.jpg,4,2724
1 ,20180308122729,20180308122729.jpg,4,6789
1 ,20180308122826,20180308122826.jpg,5,82952
1 ,20180308122924,20180308122924.jpg,6,222982
1 ,20180308123023,20180308123023.jpg,6,061182
1 ,20180308123121,20180308123121.jpg,4,6570
1 ,20180308123220,20180308123220.jpg,5,85017
1 ,20180308123319,20180308123319.jpg,6,153757
1 ,20180308123417,20180308123417.jpg,4,2271
1 ,20180308123514,20180308123514.jpg,4,2955
1 ,20180308123613,20180308123613.jpg,5,20679
1 ,20180308123712,20180308123712.jpg,4,1241
1 ,20180308123811,20180308123811.jpg,4,8870
1 ,20180308123910,20180308123910.jpg,5,32287
1 ,20180308124013,20180308124013.jpg,6,821343
1 ,20180308124113,20180308124113.jpg,6,345692
1 ,20180308124211,20180308124211.jpg,5,55891
1 ,20180308124309,20180308124309.jpg,4,4094
1 ,20180308124409,20180308124409.jpg,6,786243
1 ,20180308124507,20180308124507.jpg,4,8230
1 ,20180308124606,20180308124606.jpg,5,44727
1 ,20180308124705,20180308124705.jpg,6,081837
1 ,20180308124804,20180308124804.jpg,6,422182
1 ,20180308124904,20180308124904.jpg,5,64558
1 ,20180308125004,20180308125004.jpg,5,38729
1 ,20180308125102,20180308125102.jpg,5,39541
1 ,20180308125201,20180308125201.jpg,5,00237
1 ,20180308125259,20180308125259.jpg,6,003367
1 ,20180308125357,20180308125357.jpg,5,16943
1 ,20180308125455,20180308125455.jpg,4,6983
1 ,20180308125553,20180308125553.jpg,6,826650
1 ,20180308125651,20180308125651.jpg,6,338500
1 ,20180308125750,20180308125750.jpg,4,9676
1 ,20180308125848,20180308125848.jpg,6,043342
1 ,20180308125945,20180308125945.jpg,5,05744
1 ,20180308130044,20180308130044.jpg,5,19725
